LCS ID,AKR1D1,TIPARP,CYP3A4,HSD17B10,HSD17B8,AKR1C4,PPARGC1A,CYP19A1,SPP1,HSD17B3,ADM,SGPL1,HSD17B6,CYP17A1,SCARB1,SRD5A1,HSD17B11,WNT4,ESR1,HSD17B4,HSD3B1,DHRS9,SHH,HSD3B2,PLEKHA1,SRD5A2
LCS_079A,8.684,6.402,7.902,9.386000000000001,5.936,8.007,5.906000000000001,4.666,8.455,3.8489999999999998,7.555,3.889,10.877,10.417,8.62,6.593,8.851,3.3,4.476,10.724,3.4330000000000003,3.908,3.392,3.2889999999999997,7.292000000000001,3.763
LCS_092A,6.071000000000001,5.56,7.462999999999999,8.225,4.872,9.038,3.785,3.6239999999999997,8.737,4.27,5.853,3.661,7.409,4.023,8.651,4.686,9.282,3.8810000000000002,3.9,9.457,3.815,4.095,3.641,3.807,7.309,4.625
LCS_101A,9.224,6.3660000000000005,7.935,8.386000000000001,4.877,4.506,4.86,3.873,7.11,4.971,4.793,3.42,9.845,4.551,7.541,6.071000000000001,8.914,3.62,3.839,10.35,3.728,4.437,3.592,3.5039999999999996,7.581,4.27
LCS_083A,7.557,6.007999999999999,8.011000000000001,8.644,6.821000000000001,7.444,6.047999999999999,3.383,4.475,4.632,4.399,3.97,10.481,4.266,7.619,6.352,9.107000000000001,3.52,4.925,11.002,3.495,3.966,3.68,4.111000000000001,6.526,4.974
LCS_095A,4.607,5.888999999999999,8.129,8.964,5.109,7.848,6.257000000000001,3.47,10.387,4.171,5.632000000000001,3.5869999999999997,10.16,10.607000000000001,8.417,6.8,9.331,3.427,4.242,10.955,3.468,5.064,3.5860000000000003,3.4219999999999997,6.441,4.413
LCS_102A,7.337000000000001,5.505,8.062000000000001,9.276,7.041,9.088,6.2,3.6439999999999997,7.031000000000001,5.832000000000001,5.54,3.795,10.286,4.489,8.947000000000001,7.348,9.465,3.307,4.578,10.273,3.321,4.228,3.614,3.3280000000000003,6.614,5.022
LCS_085A,9.529,7.233,9.095,9.035,6.359,8.051,6.318,3.7030000000000003,4.59,3.8680000000000003,4.8260000000000005,3.642,9.42,4.1160000000000005,8.647,6.682,9.568,3.305,4.4719999999999995,10.349,8.346,4.37,3.661,3.761,7.095,4.012
LCS_096A,9.342,5.9270000000000005,11.384,9.354,6.818,9.131,7.229,3.907,7.081,5.005,6.647,3.798,10.697000000000001,4.861000000000001,8.28,6.9879999999999995,8.866,3.708,6.8389999999999995,10.758,3.32,4.001,3.609,4.294,6.853,5.597
LCS_103A,4.231,5.8229999999999995,11.872,9.151,7.782,9.809,7.227,3.484,5.0169999999999995,5.043,5.104,3.782,10.866,9.035,8.958,5.846,8.617,3.327,7.28,11.788,3.343,4.235,3.3739999999999997,3.57,6.309,5.997000000000001
LCS_091A,8.392000000000001,6.284,8.295,8.995,6.617999999999999,10.880999999999998,5.946000000000001,3.5580000000000003,10.77,6.041,5.644,3.446,11.242,3.9589999999999996,9.076,7.822,9.36,3.366,5.867000000000001,10.731,3.596,4.704,3.3480000000000003,3.55,6.822,5.109
LCS_099A,9.917,7.48,7.946000000000001,9.609,7.225,9.597000000000001,5.553,3.657,3.9619999999999997,3.995,5.8660000000000005,3.3480000000000003,11.425999999999998,8.129,9.398,8.375,10.421,3.391,5.194,11.290999999999999,3.717,4.798,3.985,4.038,6.42,5.4639999999999995
LCS_105A,10.478,6.015,9.47,9.628,7.255,8.128,7.056,3.406,4.779,4.56,5.406000000000001,3.717,11.005999999999998,8.49,10.076,6.997000000000001,9.282,3.5989999999999998,6.229,10.718,3.4539999999999997,4.181,3.403,3.32,7.0089999999999995,4.408
LCS_122A,3.897,7.149,7.1979999999999995,8.541,6.292999999999999,10.71,3.9960000000000004,3.589,12.311,5.5520000000000005,7.3,3.885,8.508,4.102,9.198,7.55,9.522,3.5269999999999997,4.254,9.585,3.185,4.42,3.383,3.221,7.655,3.608
LCS_004A,7.695,6.473,7.305,9.164,7.222,6.475,4.672,4.031000000000001,8.218,4.13,5.718999999999999,3.86,6.393,8.312000000000001,9.469,6.505,9.097999999999999,3.428,3.733,9.592,3.321,4.119,3.534,3.265,6.946000000000001,4.362
LCS_130A,10.138,7.449,12.172,8.87,7.011,7.986000000000001,7.397,3.823,6.457000000000001,4.343,5.949,3.86,10.569,4.065,8.062999999999999,9.086,9.142000000000001,3.208,5.891,11.597999999999999,3.341,4.441,3.758,3.537,6.903,6.401
LCS_123A,4.681,7.449,7.399,7.307,6.029,6.745,3.74,3.465,8.068,6.029,6.131,3.574,9.818,4.084,8.165,6.9079999999999995,8.853,3.36,4.137,10.049,3.123,4.47,3.4739999999999998,3.201,7.632999999999999,3.641
LCS_007A,5.984,6.295,11.288,9.039,6.204,10.117,5.364,3.625,9.773,7.877000000000001,6.5920000000000005,3.861,10.245999999999999,8.011000000000001,6.983,7.414,9.257,3.468,4.718999999999999,11.536,3.4760000000000004,4.195,3.542,3.469,6.734,5.766
LCS_135A,7.235,7.0489999999999995,7.689,8.847999999999999,5.236000000000001,7.03,5.585,3.877,5.9479999999999995,4.52,5.653,3.679,10.578,4.934,9.4,5.885,9.612,3.8569999999999998,4.34,10.029,3.592,3.99,3.5589999999999997,3.225,7.875,3.6860000000000004
LCS_125A,7.769,6.572,9.193,8.978,6.242999999999999,9.427,5.386,3.628,5.095,6.689,4.942,3.739,11.137,6.907,8.372,8.376,10.684000000000001,3.4189999999999996,4.385,11.207,4.09,4.3469999999999995,3.596,3.3810000000000002,7.571000000000001,5.625
LCS_127A,8.401,7.06,8.539,7.877999999999999,6.0,9.186,7.603,3.404,7.065,4.465,5.013,3.603,11.255999999999998,4.285,8.163,6.575,9.008,3.233,3.931,10.511,3.173,3.972,3.448,3.265,7.675,4.353
LCS_136A,6.553999999999999,7.149,9.94,9.381,6.94,8.205,4.162,3.42,7.517,4.948,5.44,3.667,11.76,4.716,8.379,8.71,8.953,3.435,7.686,10.273,3.347,4.079,3.573,3.517,5.995,3.741
LCS_188A,7.037000000000001,6.981,9.756,8.456,5.561,9.902000000000001,5.699,3.1710000000000003,10.07,5.6160000000000005,7.247999999999999,3.762,9.343,4.081,8.415,4.723,8.651,3.661,5.292999999999999,9.988,3.372,4.56,3.674,4.449,7.63,4.888
LCS_185A,7.62,5.562,8.832,9.539,5.016,7.853,4.44,3.286,8.922,4.803,7.75,3.9739999999999998,8.961,3.464,8.135,5.745,9.559,3.967,5.297999999999999,10.337,3.514,4.005,3.5589999999999997,4.091,7.1739999999999995,4.019
LCS_154A,8.154,4.927,9.295,9.005,4.666,6.682,5.216,3.407,11.397,4.365,3.884,4.551,9.425,3.7239999999999998,6.195,5.035,9.847000000000001,3.832,5.8389999999999995,9.513,4.062,5.0569999999999995,3.662,5.1979999999999995,7.49,5.525
LCS_120A,5.096,5.653,8.162,9.059,6.108,11.439,3.775,3.142,11.008,7.46,6.202000000000001,3.812,8.039,3.737,8.546,6.725,8.94,3.2539999999999996,4.18,10.055,3.1510000000000002,4.2669999999999995,3.6239999999999997,3.323,8.388,4.26
LCS_286A,3.932,6.0120000000000005,11.498,9.644,7.726,11.863,6.115,3.529,7.2620000000000005,4.952,5.52,3.627,11.614,3.6839999999999997,8.29,7.922000000000001,10.495,3.719,5.388999999999999,11.199000000000002,3.602,4.425,3.622,3.603,6.978,4.854
LCS_086A,7.4479999999999995,6.7010000000000005,7.132000000000001,8.3,6.151,10.353,4.032,3.2430000000000003,10.987,4.791,3.843,3.786,9.033,3.4360000000000004,8.642000000000001,4.57,9.006,3.551,3.287,10.145,3.108,4.62,3.4619999999999997,3.1630000000000003,7.313,3.705
LCS_023A,7.675,6.067,10.798,8.238999999999999,7.303999999999999,9.322000000000001,6.82,3.435,6.2379999999999995,3.867,3.86,4.099,11.784,4.41,8.682,8.322000000000001,10.575999999999999,3.2680000000000002,4.534,11.14,3.069,4.073,3.3739999999999997,3.485,8.376,4.442
LCS_177A,4.842,6.938,6.939,7.983,5.601,8.222999999999999,8.177,3.51,8.727,3.63,4.87,3.971,10.841,3.763,8.07,6.096,8.888,3.411,3.688,10.495,3.217,4.252,3.185,3.8280000000000003,8.301,4.1080000000000005
LCS_140A,8.472999999999999,6.303999999999999,11.312000000000001,10.079,7.6160000000000005,7.181,6.422000000000001,3.366,6.755,5.501,6.099,3.943,12.037,4.095,9.401,5.577000000000001,10.472000000000001,3.4739999999999998,5.434,11.082,3.3680000000000003,4.169,3.531,3.924,7.129,4.512
LCS_035A,8.107000000000001,5.732,7.956,9.379,5.02,9.232000000000001,5.065,3.468,11.978,3.458,5.146,3.8539999999999996,10.384,3.61,8.238999999999999,5.82,8.344,4.031000000000001,4.205,10.24,3.265,4.461,3.39,3.275,7.142,4.486000000000001
LCS_132A,8.311,6.035,10.175,8.811,6.053,8.158,6.819,3.2060000000000004,10.833,4.092,5.497000000000001,3.81,11.169,4.552,8.611,8.551,9.567,3.6069999999999998,5.34,10.602,3.1489999999999996,4.18,3.4530000000000003,3.617,6.731,5.546
LCS_205A,5.172000000000001,5.666,7.292000000000001,7.945,4.3919999999999995,4.978,5.733,3.3510000000000004,8.835,3.9610000000000003,6.531000000000001,3.492,5.8260000000000005,5.899,9.749,5.653,8.847000000000001,3.225,3.9560000000000004,10.607999999999999,3.384,4.207,3.3280000000000003,3.835,7.854,4.268
LCS_274A,6.1160000000000005,5.421,6.117999999999999,8.517000000000001,5.974,9.55,7.28,3.412,10.617,5.169,4.018,3.6689999999999996,12.155999999999999,9.671,8.236,7.266,10.141,3.5810000000000004,4.834,11.354000000000001,3.449,4.08,3.283,3.7739999999999996,7.773,4.494
LCS_159A,7.15,6.36,6.669,7.858,4.878,9.469,5.292000000000001,3.741,10.177,5.019,6.462999999999999,3.9760000000000004,7.075,3.5380000000000003,8.706,5.1739999999999995,8.879,3.47,4.052,10.89,3.748,4.49,3.477,3.273,7.8839999999999995,4.704
LCS_150A,9.654,6.721,7.015,7.541,4.961,5.827000000000001,5.192,3.5010000000000003,7.561,5.124,5.643,3.7560000000000002,3.968,3.845,8.834,4.418,9.902999999999999,3.4019999999999997,3.943,9.956,3.3089999999999997,4.13,3.6689999999999996,3.44,8.632,3.778
LCS_014A,5.343999999999999,7.01,6.611000000000001,8.532,6.428,7.9,6.809,3.263,5.004,4.087,3.583,3.9410000000000003,10.741,4.0680000000000005,8.335,7.544,9.582,4.269,3.793,10.614,4.434,4.242,3.7460000000000004,3.718,8.238999999999999,5.117
LCS_227A,9.708,6.733,11.42,9.149,5.285,8.732000000000001,5.869,3.405,5.18,4.973,6.115,3.8280000000000003,11.057,6.409,8.136000000000001,6.968999999999999,9.824,3.227,4.841,11.437999999999999,6.715,5.169,4.026,3.945,6.934,6.841
LCS_283A,6.938,5.1160000000000005,7.928,9.706,6.252999999999999,9.517999999999999,8.521,3.2680000000000002,5.629,3.4610000000000003,4.885,3.5380000000000003,12.044,7.096,9.841000000000001,8.037,9.035,3.391,3.5269999999999997,10.215,3.3689999999999998,4.718,3.7260000000000004,4.321000000000001,8.255,5.273
LCS_162A,10.084,6.492000000000001,6.697,9.195,4.32,10.939,6.56,3.1430000000000002,11.558,4.881,5.314,4.137,10.605,3.551,9.328,5.897,9.551,3.373,3.465,10.421,3.319,4.209,3.4610000000000003,3.3169999999999997,7.526,5.917000000000001
LCS_104A,7.356,6.098,6.507999999999999,9.927999999999999,7.308,10.17,8.079,3.99,5.4670000000000005,3.458,5.245,3.951,11.782,3.657,9.126,5.233,9.789,4.379,3.9130000000000003,10.337,3.213,4.23,3.572,3.373,7.725,5.5329999999999995
LCS_272A,7.865,6.557,12.561,9.499,8.031,9.419,5.832999999999999,3.2,4.79,3.741,4.266,4.288,11.437999999999999,7.851,8.411,8.737,10.107999999999999,3.26,5.103,12.026,3.0780000000000003,4.507,3.7969999999999997,3.467,6.518,6.937
LCS_237A,4.97,8.017999999999999,4.904,9.057,5.937,9.595,4.026,3.366,9.466000000000001,5.106,7.627999999999999,4.506,9.751,3.798,9.708,7.301,9.324,3.2769999999999997,4.478,9.537,3.2889999999999997,3.787,3.2969999999999997,3.542,8.682,3.4819999999999998
LCS_152A,8.216000000000001,6.519,10.974,9.037,6.966,10.431,6.171,3.47,10.225,3.911,4.357,3.73,11.040999999999999,4.279,8.264,7.308,8.837,3.27,6.6770000000000005,11.202,3.471,4.191,3.477,3.4219999999999997,7.941,4.109
LCS_067A,6.462000000000001,4.648,7.0729999999999995,8.138,5.858,9.661,4.628,3.6710000000000003,5.244,4.638999999999999,4.191,3.457,8.578,4.727,8.183,5.57,8.126,3.2680000000000002,3.6639999999999997,9.966000000000001,3.093,4.117,3.6919999999999997,3.292,8.554,4.33
LCS_209A,6.226,5.827000000000001,4.543,6.455,4.456,7.077000000000001,3.6,3.483,9.559,4.9639999999999995,7.232,4.098,5.354,4.0969999999999995,6.28,6.513,9.627,3.85,5.71,10.635,4.694,4.2139999999999995,3.987,5.006,5.885,5.184
LCS_065A,5.03,6.629,5.44,8.507,4.249,8.405,5.524,3.952,12.299000000000001,5.207000000000001,8.84,4.181,9.539,3.5439999999999996,7.973,4.189,9.798,3.458,4.355,9.834,3.016,4.397,4.137,3.665,7.232,3.801
LCS_211A,9.341000000000001,7.079,8.495,8.792,7.761,7.315,7.064,3.185,5.444,3.735,4.629,3.8930000000000002,10.890999999999998,4.051,8.421,6.475,10.353,3.748,5.4270000000000005,10.860999999999999,3.364,3.8160000000000003,3.435,3.4760000000000004,7.257999999999999,3.85
LCS_073A,3.162,6.85,5.279,8.119,6.0329999999999995,3.9410000000000003,7.045,3.108,7.037000000000001,3.4810000000000003,8.277999999999999,3.779,3.945,3.534,8.066,6.858,6.985,3.326,6.51,10.051,3.358,3.889,3.333,3.2489999999999997,7.273,3.927
LCS_230A,4.4319999999999995,6.782,6.522,7.449,4.086,4.482,4.524,3.49,9.844,4.31,5.2860000000000005,4.573,3.983,3.892,6.013999999999999,5.095,9.818999999999999,3.602,4.726,8.078,3.8569999999999998,4.336,3.7910000000000004,4.005,7.316,4.144
LCS_262A,9.435,7.114,6.167000000000001,8.922,5.279,6.912999999999999,6.121,4.651,9.14,4.948,6.0360000000000005,3.944,7.197,9.875,9.39,5.356,7.209,3.233,3.463,9.478,3.407,4.006,3.4019999999999997,3.495,8.238,3.6830000000000003
LCS_144A,6.341,8.439,11.627,8.78,6.255,11.234000000000002,5.757000000000001,3.4130000000000003,12.780999999999999,5.081,8.796,4.046,10.957,6.572,7.27,7.432,9.675,3.1630000000000003,6.691,11.327,3.242,5.587000000000001,3.622,3.5610000000000004,6.74,5.175
LCS_024A,3.5060000000000002,5.718999999999999,7.362,7.792999999999999,5.004,8.345,7.912999999999999,3.965,9.115,6.602,4.306,3.565,8.186,4.6160000000000005,7.7,4.748,9.128,4.25,3.865,10.981,3.077,4.353,3.367,3.6830000000000003,8.381,3.717
LCS_212A,3.355,6.343999999999999,7.032,8.682,5.4110000000000005,4.183,7.153,3.1460000000000004,9.606,4.417,8.427,3.883,3.074,3.903,8.69,4.54,8.035,3.341,3.748,8.533,3.2510000000000003,4.224,3.682,3.679,8.883,4.212
LCS_180A,4.85,6.694,10.347999999999999,8.622,6.808,7.336,4.587,3.535,10.068999999999999,3.7060000000000004,7.736000000000001,4.76,11.218,9.35,10.025,5.348,8.827,3.358,3.736,10.895,2.963,4.521,3.7739999999999996,3.304,8.845,4.393
LCS_183A,9.738,6.388999999999999,6.596,9.863999999999999,5.279,9.691,6.58,4.185,8.004,4.36,4.5,3.773,10.960999999999999,6.479,8.644,6.35,8.583,3.4619999999999997,5.104,10.690999999999999,5.356,4.8580000000000005,3.582,3.513,7.402,6.586
LCS_153A,7.507000000000001,5.1610000000000005,4.986000000000001,5.834,4.178999999999999,10.226,3.7680000000000002,3.853,10.321,5.2620000000000005,5.367999999999999,4.03,6.732,3.924,7.53,5.631,6.126,3.5269999999999997,5.4270000000000005,9.368,3.2880000000000003,4.2,3.67,5.1160000000000005,8.378,4.887
LCS_042A,4.81,6.978,7.164,8.546,6.776,9.89,5.456,3.6310000000000002,12.15,3.931,4.776,3.96,10.292,4.441,8.214,6.686,9.013,3.9789999999999996,3.948,10.294,3.234,4.388999999999999,3.512,3.4530000000000003,8.049,4.686
LCS_018A,9.187999999999999,7.0729999999999995,10.449000000000002,8.493,6.48,10.46,6.566,3.279,8.786,5.14,5.175,3.766,11.265,3.908,8.477,6.944,9.972999999999999,3.695,6.55,10.953,2.931,4.387,3.71,3.115,7.405,4.94
LCS_062A,5.817,4.3260000000000005,6.345,6.525,3.86,4.36,5.792000000000001,3.5410000000000004,7.707999999999999,4.762,6.734,3.627,3.983,5.244,8.976,5.946000000000001,4.989,3.9019999999999997,3.873,9.581,3.4789999999999996,4.6,5.002,5.757000000000001,6.882000000000001,4.681
LCS_275A,7.7410000000000005,7.6129999999999995,8.288,8.146,6.775,11.554,8.435,3.6710000000000003,6.067,3.43,4.17,3.7969999999999997,5.875,3.762,8.685,5.906000000000001,9.222000000000001,3.66,3.925,10.4,3.325,4.369,3.905,3.7310000000000003,7.6579999999999995,4.1610000000000005
LCS_015A,4.216,8.592,10.082,8.92,6.127000000000001,10.799000000000001,4.037,3.469,12.625,4.23,7.412000000000001,3.915,11.243,4.205,8.294,6.321000000000001,9.334,3.555,6.231,11.637,3.252,4.611000000000001,3.4330000000000003,3.4330000000000003,7.204,6.66
LCS_118A,5.575,7.0920000000000005,8.123,8.061,4.987,6.355,4.758,3.391,9.552999999999999,4.146,4.427,3.403,9.236,3.9760000000000004,9.312000000000001,6.855,9.636000000000001,3.428,3.523,9.887,3.239,4.178999999999999,3.398,3.2539999999999996,8.261000000000001,3.975
LCS_069A,5.483,6.329,6.611000000000001,7.8870000000000005,3.865,4.611000000000001,3.21,3.6510000000000002,10.857999999999999,3.8369999999999997,9.399,3.457,6.414,4.507,8.846,5.6979999999999995,9.184,3.627,4.059,9.677,3.304,4.95,4.184,3.478,8.185,4.018
LCS_234A,3.219,7.459,7.621,6.535,4.3260000000000005,5.1739999999999995,7.735,3.721,11.216,3.7739999999999996,9.993,3.571,4.71,4.4030000000000005,8.802,4.426,8.632,3.134,3.426,8.521,3.153,4.238,3.781,3.241,8.002,4.5360000000000005
LCS_210A,9.89,5.579,10.834000000000001,9.915,5.565,8.61,7.3420000000000005,3.5039999999999996,4.106,3.655,3.918,3.537,11.86,8.651,7.58,8.413,10.956,3.407,4.497,11.472999999999999,3.85,4.288,3.6189999999999998,3.342,7.095,4.402
LCS_265A,9.558,5.862,8.459,8.104,4.22,5.267,6.83,3.335,11.849,4.16,4.166,3.574,7.218999999999999,3.949,7.931,6.369,7.551,3.6289999999999996,3.542,9.103,3.2230000000000003,4.308,3.516,3.345,7.476,3.687
LCS_149A,10.609000000000002,6.016,7.103,8.708,6.165,9.621,7.6370000000000005,3.397,9.026,5.167999999999999,5.534,3.67,10.974,8.137,9.187000000000001,7.638999999999999,10.939,3.333,5.667999999999999,11.033,3.41,4.394,3.678,3.306,7.8,6.041
LCS_040A,6.9110000000000005,6.359,7.755,7.905,5.506,5.367000000000001,6.314,4.541,4.727,4.758,4.619,3.5060000000000002,3.2439999999999998,3.677,9.33,5.956,10.548,3.259,3.6439999999999997,10.24,3.255,4.221,3.614,3.3710000000000004,9.012,3.593
LCS_169A,8.363,5.775,8.232999999999999,9.295,6.821000000000001,10.016,4.916,3.3960000000000004,4.817,3.56,3.659,3.786,11.892000000000001,10.006,8.779,6.37,10.865,3.358,4.751,10.863,3.3360000000000003,4.2010000000000005,3.5860000000000003,3.4339999999999997,7.518,4.475
LCS_256A,4.5089999999999995,6.629,9.352,6.636,6.324,9.902999999999999,4.3469999999999995,3.815,5.255,4.0,5.007,3.764,10.237,4.449,7.007999999999999,8.222000000000001,9.464,3.284,4.407,10.305,3.305,4.654,3.8369999999999997,4.373,7.334,3.985
LCS_213A,7.495,5.345,8.488,8.656,6.002999999999999,10.13,3.955,3.852,10.051,3.995,4.534,4.025,8.369,4.954,8.818,5.078,10.597000000000001,3.528,4.303,9.28,4.109,5.143,3.9189999999999996,4.552,6.577000000000001,5.118
LCS_033A,6.897,6.582000000000001,4.592,9.131,4.893,6.535,4.024,3.33,10.665999999999999,3.298,6.3839999999999995,3.5239999999999996,9.288,3.4939999999999998,6.667000000000001,5.4670000000000005,9.415,4.467,4.8919999999999995,8.123,3.967,5.106,3.407,3.443,6.966,5.356
LCS_164A,8.048,5.751,7.416,7.919,5.416,7.886,3.7119999999999997,3.362,12.042,5.765,4.848,3.557,6.922999999999999,3.694,8.634,5.835,9.545,5.587999999999999,3.366,8.69,2.9619999999999997,3.928,3.6910000000000003,3.2760000000000002,7.1770000000000005,4.095
LCS_223A,7.705,6.482,6.871,8.513,6.477,3.745,5.145,3.489,5.435,3.534,4.611000000000001,3.408,10.379000000000001,3.858,9.119,5.6,9.677999999999999,3.361,3.3080000000000003,10.176,3.325,4.42,3.688,3.325,6.747000000000001,3.733
LCS_245A,9.631,6.3629999999999995,9.315,9.481,6.462999999999999,7.489,5.805,3.261,7.106,4.234,6.2620000000000005,3.7439999999999998,11.533,7.976,9.587,6.297000000000001,10.084,3.278,4.0889999999999995,10.931,3.327,4.105,3.8110000000000004,3.452,7.526,5.212000000000001
LCS_061A,5.813,6.399,12.091,10.022,6.876,10.079,7.531000000000001,3.6189999999999998,7.67,4.027,5.372999999999999,3.8080000000000003,10.911,4.296,7.79,7.032,9.955,3.4219999999999997,4.783,11.517000000000001,3.259,4.8580000000000005,4.093,3.8169999999999997,7.0489999999999995,5.132000000000001
LCS_191A,5.984,5.712999999999999,7.659,9.527999999999999,5.064,8.946,8.218,4.208,11.542,3.827,6.785,3.4560000000000004,9.337,3.636,8.672,7.752999999999999,9.782,5.337999999999999,3.228,10.392999999999999,3.372,4.353,3.655,3.29,8.523,3.804
LCS_171A,7.351,7.138,6.577000000000001,8.191,5.819,10.834000000000001,4.614,3.676,10.817,5.593,4.035,3.6910000000000003,8.753,3.537,9.419,5.875,9.646,3.3710000000000004,3.7310000000000003,10.853,3.327,4.5889999999999995,3.3689999999999998,3.2460000000000004,7.167000000000001,3.714
LCS_249A,9.173,6.792999999999999,9.825,8.545,4.475,8.747,7.358,5.694,6.6,6.209,4.861000000000001,3.534,10.914000000000001,3.573,9.905,6.607,9.671,3.3,3.458,10.997,3.554,4.505,3.48,3.34,7.7989999999999995,4.628
LCS_020A,10.158999999999999,6.735,10.868,8.87,7.075,9.948,7.811,3.321,5.652,4.23,4.816,3.717,11.532,4.165,9.623,8.459,10.139,3.234,7.071000000000001,10.83,3.43,4.533,3.6830000000000003,3.633,6.885,6.617999999999999
LCS_045A,5.942,6.129,11.199000000000002,8.921,4.268,7.1370000000000005,5.191,3.4539999999999997,11.567,5.8660000000000005,7.03,3.513,9.978,9.318999999999999,8.192,7.164,8.758,3.344,3.821,11.105,5.314,4.519,3.7960000000000003,3.318,7.035,6.231
LCS_094A,9.347999999999999,6.995,7.374,9.107999999999999,6.269,9.4,5.886,3.344,5.692,4.1610000000000005,5.854,3.52,11.569,5.03,8.603,6.796,9.624,4.046,4.098,10.565999999999999,3.377,4.658,3.449,3.29,8.04,4.232
LCS_131A,3.575,6.227,6.382999999999999,8.236,4.077,9.5,3.682,3.6519999999999997,12.732999999999999,6.393,6.382000000000001,3.878,8.241,3.62,9.253,4.293,9.586,3.89,4.601,8.401,4.753,5.459,3.835,3.818,7.872999999999999,3.803
LCS_241A,6.192,6.2989999999999995,5.851,9.391,7.0920000000000005,8.039,9.079,3.575,6.934,3.2560000000000002,3.926,3.819,12.359000000000002,4.207,8.745,9.645,10.804,4.1530000000000005,5.53,9.51,3.951,5.075,3.502,3.6860000000000004,8.061,4.321000000000001
LCS_057A,6.605,6.377999999999999,6.691,9.902000000000001,6.257000000000001,11.06,4.967,3.353,9.621,4.4,6.108,3.642,10.559000000000001,7.436,10.347000000000001,7.922999999999999,8.814,3.5869999999999997,3.497,11.124,3.5389999999999997,4.739,3.5639999999999996,3.305,6.57,5.186
LCS_074A,11.057,6.837000000000001,10.630999999999998,9.581,6.655,9.228,5.651,3.9010000000000002,3.4539999999999997,3.765,4.862,4.053999999999999,11.908,4.14,8.504,8.936,8.636000000000001,4.263999999999999,5.176,11.125,4.263999999999999,4.2330000000000005,3.917,3.0410000000000004,7.047000000000001,5.457000000000001
LCS_160A,9.154,6.557,7.89,8.443999999999999,5.934,9.717,4.882,3.735,9.853,4.878,6.035,3.6510000000000002,11.142999999999999,4.169,8.837,6.397,9.352,3.3789999999999996,3.984,10.515999999999998,3.306,4.666,3.536,3.5660000000000003,7.867999999999999,3.722
LCS_179A,8.482999999999999,6.765,7.393,7.561,5.093,6.292999999999999,6.374,3.505,9.836,4.149,6.564,3.867,11.411,3.805,10.411,6.361000000000001,9.837,3.611,3.4189999999999996,10.402000000000001,7.247000000000001,4.502,3.865,3.492,7.807,4.633
LCS_134A,6.4879999999999995,6.712000000000001,6.721,7.898,5.499,8.265,3.75,3.9610000000000003,11.867,4.033,7.968,3.9339999999999997,8.411,3.8819999999999997,9.31,4.83,9.75,3.491,3.407,10.26,3.227,4.3839999999999995,3.391,3.1189999999999998,7.712000000000001,4.449
LCS_009A,8.571,6.96,8.299,8.624,4.756,6.018,3.989,3.485,9.226,5.553,9.258,4.069,10.568,4.002,9.838,7.81,9.383,3.3089999999999997,3.735,9.142999999999999,4.875,4.33,3.7039999999999997,3.722,8.533,3.8169999999999997
LCS_224A,5.416,5.7589999999999995,7.02,8.849,4.5280000000000005,4.793,4.886,6.662000000000001,8.952,4.105,4.499,3.6710000000000003,5.306,3.823,8.491,6.023,9.69,3.312,3.715,10.530999999999999,3.2,4.198,3.549,3.463,7.877000000000001,4.289
LCS_078A,7.822,6.944,11.74,8.558,7.994,8.237,5.609,3.429,6.899,3.752,4.418,3.628,11.352,3.513,7.684,6.165,10.265,3.3289999999999997,4.224,10.25,3.286,4.33,3.615,3.26,6.614,4.904
LCS_093A,3.397,6.285,7.484,8.496,6.337999999999999,10.987,5.871,3.595,11.183,5.973,5.003,4.177,10.997,3.866,7.813,8.98,10.125,4.7219999999999995,4.0,9.945,3.6439999999999997,4.9510000000000005,3.612,3.647,7.398,3.532
LCS_253A,6.801,6.864,8.927999999999999,9.14,4.327,6.841,6.4,4.652,11.058,3.3480000000000003,5.82,4.099,9.228,4.441,7.966,6.626,9.73,4.0169999999999995,4.99,7.433,3.7460000000000004,4.718,3.5610000000000004,3.8169999999999997,7.147,5.428
LCS_279A,10.052,6.763999999999999,10.356,8.676,6.244,10.741,5.777,3.522,12.027999999999999,3.8680000000000003,4.748,3.47,11.388,4.215,7.805,7.529,9.169,3.551,5.082,10.779000000000002,3.37,4.348,3.7430000000000003,3.403,7.835,4.595
LCS_008A,3.1510000000000002,7.013,7.2989999999999995,8.588,4.916,6.9270000000000005,4.348,3.812,10.575,3.596,4.752,3.642,9.826,4.234,7.184,6.646,8.921,4.781000000000001,4.3389999999999995,9.791,3.248,4.511,3.7,3.2319999999999998,6.817,3.7460000000000004
LCS_049A,4.144,5.669,7.6770000000000005,7.968,4.396,7.55,4.02,3.259,12.975,4.026,5.153,3.6660000000000004,8.429,4.419,7.547999999999999,5.271,8.432,3.667,4.183,8.494,3.25,4.4510000000000005,3.978,3.123,7.2139999999999995,4.101
LCS_291A,7.2620000000000005,7.51,7.297999999999999,7.7589999999999995,5.534,7.443,4.627,3.696,7.235,4.659,5.537000000000001,3.5810000000000004,5.184,4.511,9.173,5.66,9.555,3.4760000000000004,4.112,9.591000000000001,2.969,3.957,3.62,3.395,9.869,3.923
LCS_281A,7.716,6.351,8.353,8.391,6.227,10.335999999999999,6.603,4.86,7.525,5.484,4.833,3.717,9.206,9.017000000000001,8.937000000000001,4.999,9.509,3.445,3.8760000000000003,10.959000000000001,3.553,5.284,3.998,3.435,8.372,4.402
LCS_156A,10.392000000000001,5.996,9.595,9.185,7.202000000000001,10.047,7.9079999999999995,3.487,7.297999999999999,4.023,3.9789999999999996,3.648,12.125,4.328,8.251,8.132,9.946,3.551,8.033999999999999,10.982999999999999,3.345,4.25,3.4819999999999998,3.5810000000000004,6.8629999999999995,6.715
LCS_282A,4.107,6.206,6.8839999999999995,8.015,4.829,9.353,4.615,3.6460000000000004,10.298,5.066,8.645,3.6210000000000004,3.595,3.948,7.904,5.271,9.44,3.406,3.298,8.537,3.543,4.333,3.55,3.1689999999999996,8.382,3.985
LCS_090A,7.525,7.122000000000001,8.158999999999999,8.978,6.9510000000000005,11.349,3.89,3.5610000000000004,8.127,3.398,4.772,4.225,10.844000000000001,5.1979999999999995,7.7379999999999995,7.915,10.334000000000001,3.2539999999999996,4.005,11.15,3.2880000000000003,4.44,3.615,3.237,7.757000000000001,6.046
LCS_151A,5.138999999999999,6.774,8.04,7.796,8.165,8.997,8.35,3.4010000000000002,3.7030000000000003,3.943,3.937,3.8169999999999997,10.532,4.187,9.052,7.87,9.182,3.345,4.17,10.401,3.26,4.1419999999999995,3.677,3.31,7.778,3.7969999999999997
LCS_047A,8.139,7.0089999999999995,8.868,7.678999999999999,6.657,6.9479999999999995,4.605,3.3289999999999997,5.407,3.847,5.1160000000000005,3.7319999999999998,10.731,4.293,8.247,6.096,8.913,3.2689999999999997,4.085,11.032,3.33,4.217,3.714,3.367,7.869,4.091
LCS_075A,8.058,7.0889999999999995,8.552,8.535,6.537000000000001,6.898,6.031000000000001,3.877,4.696000000000001,4.918,4.269,3.67,11.025,4.113,9.03,7.362,9.162,3.92,4.2,10.142000000000001,3.325,4.566,3.7060000000000004,3.714,7.039,5.207999999999999
LCS_259A,10.737,7.209,7.761,8.429,6.5489999999999995,10.735999999999999,6.053,3.2439999999999998,3.995,4.54,4.421,3.785,10.437999999999999,3.6439999999999997,8.285,7.959,9.736,3.69,7.891,11.027000000000001,3.0239999999999996,3.889,3.388,3.207,8.527000000000001,3.6260000000000003
LCS_010A,7.521,6.9639999999999995,8.411,8.77,4.676,8.449,6.112,3.4189999999999996,11.935,5.121,8.771,3.824,9.75,3.825,10.437000000000001,6.768,9.816,3.423,3.8539999999999996,10.514000000000001,3.19,4.629,3.532,3.487,7.7010000000000005,4.17
LCS_264A,9.683,6.041,8.588,9.516,6.19,10.859000000000002,6.086,3.3510000000000004,11.6,3.926,5.2589999999999995,3.78,10.802,9.812999999999999,9.182,6.696000000000001,10.495,3.142,4.15,10.632,3.702,4.181,3.513,3.198,7.206,5.472
LCS_163A,3.7939999999999996,5.712999999999999,6.768,8.556000000000001,5.78,8.695,4.895,3.512,10.709000000000001,3.673,6.609,3.58,10.673,3.6069999999999998,10.228,7.563,8.211,3.555,4.0089999999999995,9.605,3.3169999999999997,4.027,3.6,3.3489999999999998,7.317,3.8310000000000004
LCS_089A,8.706,7.105,8.667,8.148,6.666,10.623,6.617000000000001,6.19,8.154,4.644,4.395,3.5260000000000002,9.963,3.588,9.171,6.237,9.243,3.3369999999999997,3.6310000000000002,10.372,3.238,5.093,3.515,3.45,7.683,3.858
LCS_143A,9.4,6.87,10.202,8.985,7.0729999999999995,10.444,7.221,3.53,8.881,5.327000000000001,6.37,3.6510000000000002,11.774000000000001,4.905,8.406,7.822,10.249,3.5060000000000002,7.643,11.280999999999999,3.3989999999999996,5.1,3.628,3.23,6.917000000000001,4.535
LCS_199A,7.332000000000001,5.595,7.537999999999999,8.467,7.517,9.548,7.337000000000001,3.389,10.993,5.529,6.504,3.636,11.993,7.582000000000001,9.365,8.274,10.145,3.315,3.662,10.478,3.292,4.563,3.389,3.52,7.979,7.757999999999999
LCS_034A,6.9479999999999995,6.279,8.154,8.321,4.846,7.9270000000000005,6.919,3.7910000000000004,7.334,5.1579999999999995,5.0360000000000005,3.5010000000000003,8.704,4.446000000000001,8.98,6.532,9.115,3.299,3.6439999999999997,10.432,3.12,4.43,3.431,3.411,8.18,3.9210000000000003
LCS_278A,8.979,6.837999999999999,9.42,9.013,6.422999999999999,10.045,6.872000000000001,3.457,6.825,4.177,6.372999999999999,3.694,11.743,4.101,9.991,6.916,9.392000000000001,3.2680000000000002,4.607,10.542,3.292,4.215,3.595,3.355,7.781000000000001,5.8870000000000005
LCS_119A,3.1839999999999997,7.882999999999999,7.176,7.197,4.484,3.7110000000000003,3.469,3.49,10.978,3.8939999999999997,9.391,3.64,3.8169999999999997,3.429,5.5329999999999995,7.999,8.4,3.7260000000000004,3.662,7.898,3.218,9.568999999999999,3.423,3.1310000000000002,7.614,3.6630000000000003
LCS_184A,10.991,6.827000000000001,12.59,9.342,7.295,10.124,6.832000000000001,3.562,6.204,5.2589999999999995,5.359,3.938,11.630999999999998,3.7560000000000002,8.15,7.834,10.125,3.097,8.411,11.0,3.457,4.369,3.6639999999999997,3.509,7.175,7.374
LCS_203A,10.466,7.053,10.097000000000001,9.347000000000001,6.5,9.142000000000001,7.638,3.3289999999999997,8.17,4.771,6.505,3.66,12.015999999999998,4.273,8.793,8.51,9.666,3.717,5.356,10.672,3.34,4.596,3.505,3.304,7.511,6.5729999999999995
LCS_178A,6.805,6.32,7.182,8.523,5.0,10.347000000000001,5.96,3.9,12.535,5.728,6.392,4.218,10.409,4.012,9.038,7.397,9.225,3.313,4.104,10.373,3.208,4.542,3.6180000000000003,3.443,7.669,4.178
LCS_284A,8.011000000000001,6.122999999999999,8.172,9.342,7.662999999999999,8.169,6.984,3.343,9.325,4.2669999999999995,5.8260000000000005,4.044,11.687000000000001,10.752,8.896,8.532,9.721,3.384,4.477,10.203,3.4330000000000003,4.136,3.6439999999999997,3.438,7.604,4.475
LCS_108A,8.559,5.662999999999999,7.072,7.712999999999999,5.577999999999999,10.683,3.6660000000000004,7.111000000000001,8.779,5.33,6.438,3.7039999999999997,7.598,3.781,9.437000000000001,4.948,9.496,3.207,3.577,10.205,3.154,4.715,3.717,3.272,8.111,3.7560000000000002
LCS_043A,5.562,5.895,8.052999999999999,9.437000000000001,5.994,11.075999999999999,6.121,3.315,10.91,4.073,4.3839999999999995,3.8289999999999997,10.894,7.142,8.512,5.6739999999999995,9.871,4.675,6.202999999999999,11.136,3.305,4.593,3.488,3.264,7.058,3.892
LCS_041A,2.9619999999999997,5.282,8.927999999999999,8.612,6.843,5.88,5.768,3.5460000000000003,7.176,4.133,6.227,4.025,7.906000000000001,3.596,8.695,5.768,9.658,3.486,4.047,9.377,3.405,4.48,3.838,3.284,7.704,3.923
LCS_044A,9.672,6.6339999999999995,10.023,9.69,6.522,10.754000000000001,5.558,3.6830000000000003,7.869,4.865,5.846,4.043,11.207,4.255,8.074,8.533,9.771,3.722,5.8839999999999995,10.856,3.3489999999999998,4.5760000000000005,4.033,3.824,7.831,5.171
LCS_174A,6.975,6.598,9.386000000000001,8.769,7.687,7.603,7.672000000000001,3.48,4.173,5.212000000000001,4.4910000000000005,3.701,10.695,3.615,8.918,8.396,9.611,3.404,4.713,10.972999999999999,3.304,4.824,3.562,3.2060000000000004,7.175,4.321000000000001
LCS_166A,4.966,6.792000000000001,7.721,8.43,6.394,10.11,6.55,3.5860000000000003,10.392000000000001,5.231,4.641,3.5860000000000003,10.292,4.167,8.56,8.11,10.574000000000002,3.529,4.001,10.038,5.6339999999999995,4.238,3.645,3.31,7.973,3.782
LCS_193A,8.787,6.346,7.688,9.096,7.318,10.052999999999999,7.997000000000001,6.196000000000001,6.756,4.4239999999999995,5.008,3.8930000000000002,11.342,5.474,8.89,6.843999999999999,10.347000000000001,3.4360000000000004,3.847,10.47,3.3280000000000003,5.329,3.455,3.655,7.881,4.198
LCS_215A,5.939,7.093999999999999,6.773,8.45,5.379,11.037,6.72,3.377,12.817,4.69,8.758,4.004,8.463,7.398,9.753,8.258,9.482999999999999,3.741,3.792,9.552999999999999,3.3310000000000004,4.475,3.197,3.1,8.305,3.676
LCS_021A,5.591,7.446000000000001,7.247000000000001,7.8420000000000005,6.45,9.513,3.983,3.278,6.784,3.81,4.69,3.97,9.777999999999999,4.064,7.851,5.745,9.318999999999999,3.549,3.405,9.993,3.303,4.412,3.495,3.222,7.931,3.5069999999999997
LCS_129A,6.287000000000001,7.267,7.1770000000000005,7.921,6.05,7.117000000000001,3.3789999999999996,3.555,8.327,3.512,5.97,3.6260000000000003,9.013,3.68,8.574,7.059,9.587,3.179,3.525,10.184,3.253,4.449,3.5010000000000003,3.3539999999999996,8.995,3.8280000000000003
LCS_198A,9.088,7.6610000000000005,8.082,8.549,6.952999999999999,9.561,9.135,3.597,4.478,3.824,4.225,3.4810000000000003,11.287,4.7410000000000005,8.222999999999999,7.817,4.656000000000001,3.5789999999999997,4.279,10.922,7.313,4.362,3.603,3.8819999999999997,7.974,3.71
LCS_084A,8.908999999999999,7.175,7.879,7.818,5.646,9.62,5.715,3.515,8.63,4.431,5.398,3.779,10.53,3.505,8.566,6.689,9.674,3.5210000000000004,4.25,10.574000000000002,3.45,4.468,3.4160000000000004,3.1710000000000003,7.901,4.565
LCS_250A,4.394,6.547999999999999,7.678,9.044,4.7860000000000005,4.4239999999999995,4.647,3.375,4.436,4.081,3.7910000000000004,3.798,5.28,3.403,6.615,6.31,7.782,10.335999999999999,3.8480000000000003,9.902000000000001,3.0580000000000003,3.696,3.3939999999999997,3.1289999999999996,7.364,4.32
LCS_011A,4.797,7.327000000000001,7.224,8.122,6.09,5.819,3.495,3.323,12.556,6.1770000000000005,7.32,3.926,3.562,3.7260000000000004,8.918,5.715,9.78,4.356,3.657,9.722999999999999,3.3339999999999996,4.13,3.72,3.197,9.21,4.125
LCS_071A,7.96,6.252000000000001,9.715,9.052,6.292000000000001,7.968999999999999,5.414,3.8930000000000002,9.255,3.551,6.727,3.812,11.095999999999998,5.531000000000001,9.497,6.481,10.727,3.247,3.8160000000000003,10.629000000000001,3.321,4.745,3.475,3.263,7.519,4.387
LCS_219A,6.8389999999999995,7.662999999999999,7.431,7.666,6.975,7.007999999999999,4.928,5.516,4.446000000000001,5.251,5.044,3.556,5.226,3.88,9.556000000000001,6.693,9.71,3.466,3.8710000000000004,10.155,3.3289999999999997,4.445,3.763,3.411,7.409,3.6719999999999997
LCS_194A,8.119,6.154,8.509,9.32,6.697,11.757,7.475,3.43,8.192,3.8169999999999997,3.935,3.6039999999999996,10.786,5.218,9.329,6.305,9.434,3.205,3.78,10.577,3.181,4.215,3.503,3.512,6.611000000000001,6.1770000000000005
LCS_170A,3.4589999999999996,8.109,11.167,8.798,7.417000000000001,11.761,3.737,3.7439999999999998,11.565,3.903,3.529,3.739,11.033,10.18,7.684,8.587,10.37,3.325,3.8930000000000002,11.207,3.5660000000000003,4.462,3.5189999999999997,3.377,7.4639999999999995,4.229
LCS_204A,6.586,7.055,7.2989999999999995,8.274,6.322,9.277999999999999,6.371,3.385,8.09,4.032,6.178,3.574,10.706,3.8930000000000002,10.543,7.537000000000001,9.469,3.3369999999999997,4.372,10.622,3.636,4.361000000000001,3.3369999999999997,3.2769999999999997,7.1579999999999995,4.273
LCS_261A,10.356,6.041,10.700999999999999,9.161,6.111000000000001,4.882,6.862,3.6689999999999996,6.135,4.5360000000000005,6.428,3.86,11.13,5.038,10.007,6.968,9.757,3.1260000000000003,4.968999999999999,10.652999999999999,3.213,4.138999999999999,3.56,3.361,7.54,3.344
LCS_195A,7.507999999999999,6.882000000000001,7.004,8.863,5.579,11.003,4.54,3.3689999999999998,6.625,5.033,3.964,3.818,8.521,6.651,8.184,6.167000000000001,9.824,3.16,4.169,11.356,3.1069999999999998,5.211,3.4419999999999997,3.275,7.421,4.83
LCS_206A,3.3160000000000003,6.149,7.355,8.761000000000001,4.879,8.352,3.888,3.457,10.977,5.569,6.447,3.822,6.335,3.8810000000000002,8.091000000000001,6.436,9.994,3.5380000000000003,4.151,9.168,3.2119999999999997,4.18,3.745,3.397,8.107000000000001,4.393
LCS_036A,4.367,7.481,7.282,8.752,4.814,10.732999999999999,4.294,3.3289999999999997,11.71,3.779,6.148,3.967,6.0729999999999995,3.948,9.107999999999999,5.566,10.135,3.2439999999999998,3.67,9.288,2.966,4.421,3.75,3.324,7.928999999999999,3.7960000000000003
LCS_145A,6.318,5.671,7.901,7.962999999999999,6.881,7.481,5.513999999999999,3.423,7.888,4.244,5.792000000000001,3.852,10.321,3.885,9.158,6.542999999999999,9.226,3.472,4.159,10.359000000000002,3.4419999999999997,3.9360000000000004,3.423,3.423,7.559,3.6630000000000003
LCS_064A,10.977,6.405,8.687000000000001,9.026,6.355,11.185,5.832000000000001,3.46,3.5839999999999996,4.732,5.4270000000000005,4.0969999999999995,11.786,5.59,9.261000000000001,6.456,8.206,3.7289999999999996,5.978,10.82,3.427,4.393,3.5789999999999997,3.327,7.557,6.251
LCS_236A,8.81,6.031000000000001,10.784,9.23,7.18,10.087,7.388,3.285,8.566,4.117,4.988,4.234,10.93,6.697,9.0,8.77,9.637,3.516,5.436,10.86,3.2,5.022,3.8280000000000003,3.488,7.597,3.778
LCS_038A,4.96,6.772,7.01,8.707,5.779,10.323,3.719,3.457,8.449,3.656,6.025,3.972,8.672,3.8310000000000004,8.939,5.7989999999999995,10.342,3.298,3.5460000000000003,9.721,3.3369999999999997,4.035,3.458,3.162,7.385,3.9610000000000003
LCS_270A,6.981,6.2829999999999995,10.753,9.146,7.814,10.931,6.147,3.373,9.69,4.282,4.8919999999999995,4.092,11.901,5.15,8.024,8.395,10.565999999999999,3.34,5.005,10.755999999999998,3.425,4.288,3.6289999999999996,3.377,7.361000000000001,4.497
LCS_182A,9.162,7.412000000000001,8.167,7.313,5.644,3.858,4.749,6.808,7.356,4.979,4.063,3.6839999999999997,5.652,4.353,8.369,6.316,8.764,3.3810000000000002,3.4960000000000004,9.455,3.302,4.837,3.6630000000000003,3.109,9.064,3.8819999999999997
LCS_002A,7.892,6.502000000000001,11.213,8.861,6.513999999999999,9.687000000000001,4.314,3.42,8.953,4.607,6.4479999999999995,3.722,10.917,8.266,8.734,6.074,10.036,3.633,5.768,11.068,3.341,4.101,3.5469999999999997,3.3139999999999996,7.2379999999999995,4.133
LCS_189A,4.93,6.626,6.893,8.972999999999999,3.912,10.376,4.668,3.313,10.890999999999998,5.73,5.364,3.904,7.468999999999999,3.926,9.511000000000001,4.713,9.449,3.364,3.722,10.077,3.263,4.226,3.767,3.6919999999999997,8.162,3.6660000000000004
LCS_277A,9.142999999999999,5.761,8.544,9.359,5.039,10.054,5.58,3.3489999999999998,10.687000000000001,4.723,4.95,3.625,11.203,8.01,8.392999999999999,7.747999999999999,10.095,3.8689999999999998,5.0169999999999995,11.529000000000002,3.659,4.284,3.779,3.727,6.45,4.188
LCS_117A,8.096,6.138,7.5760000000000005,8.641,5.615,8.058,6.392,3.45,10.012,3.7039999999999997,4.535,3.759,10.654000000000002,4.321000000000001,8.351,5.984,9.742,4.4110000000000005,3.821,10.041,2.958,4.868,3.5580000000000003,3.464,7.707000000000001,4.0569999999999995
LCS_267A,6.556,6.646,8.123,9.289,5.742999999999999,8.064,6.746,3.5180000000000002,7.486000000000001,4.762,5.598,3.93,10.645999999999999,6.348,8.134,6.996,10.242,3.6910000000000003,4.427,9.336,3.3310000000000004,4.141,3.75,3.597,7.627000000000001,5.297999999999999
LCS_100A,3.873,5.391,9.657,8.562000000000001,5.915,11.082,6.41,3.417,6.955,4.613,4.396,4.063,11.854000000000001,4.875,7.638,8.465,10.122,3.463,4.7860000000000005,11.058,3.2760000000000002,5.308,3.4989999999999997,3.28,8.13,4.769
LCS_228A,4.003,6.296,7.279,8.061,6.062,11.033,4.066,3.415,8.691,5.778,6.689,3.693,9.156,11.065999999999999,8.993,6.119,9.988999999999999,3.2310000000000003,4.046,10.44,3.157,4.333,3.548,3.367,8.035,4.211
LCS_054A,9.501,6.002999999999999,10.402999999999999,9.071,6.782,9.613,8.456,3.292,4.05,3.9589999999999996,4.699,3.653,12.123,4.744,9.089,7.608,11.710999999999999,3.5069999999999997,6.99,9.696,3.11,4.449,3.3310000000000004,3.326,7.857,6.081
LCS_063A,11.187999999999999,6.49,7.351,9.732000000000001,6.537999999999999,10.589,7.495,3.182,6.055,3.673,5.972,4.17,11.720999999999998,5.957000000000001,9.048,8.009,10.754000000000001,4.248,6.025,10.023,3.1510000000000002,4.276,3.391,3.485,7.771,8.122
LCS_268A,4.064,6.3870000000000005,7.327999999999999,8.269,4.275,4.393,3.625,3.216,11.742,3.4930000000000003,6.396,4.053,6.17,3.705,6.904,6.55,8.677,3.491,3.323,8.982000000000001,3.3680000000000003,5.502000000000001,3.502,3.81,7.598,3.5180000000000002
LCS_222A,10.242,7.167000000000001,10.74,9.4,7.343,10.638,5.725,3.4539999999999997,9.585,4.287,5.818,3.87,11.805,4.148,8.431000000000001,8.036,10.327,3.406,5.284,11.505999999999998,3.7,4.585,3.888,3.283,7.047000000000001,7.6370000000000005
LCS_192A,11.728,5.975,9.377,9.376,7.385,9.892999999999999,6.141,3.3710000000000004,4.662,3.995,4.606,3.785,12.419,5.685,9.406,6.732,10.189,3.431,7.215,11.455,3.6069999999999998,4.073,3.661,3.592,6.968,6.0729999999999995
LCS_022A,6.656000000000001,6.207000000000001,7.122000000000001,8.175,5.56,6.854,3.304,3.3810000000000002,8.454,5.9,4.2669999999999995,3.8489999999999998,9.238,4.154,8.579,4.796,8.28,3.1260000000000003,3.4130000000000003,10.647,2.9,4.16,3.7119999999999997,3.16,8.601,3.807
LCS_175A,11.115,6.9510000000000005,11.923,9.246,7.374,9.586,7.1739999999999995,3.582,4.908,4.815,5.192,4.003,11.664000000000001,4.651,8.627,7.912999999999999,9.741,3.373,7.5360000000000005,11.202,3.5860000000000003,4.448,3.648,4.04,6.1339999999999995,8.175
LCS_025A,9.185,6.252999999999999,10.101,9.048,6.6770000000000005,7.5120000000000005,7.94,3.207,7.14,3.625,4.793,4.231,11.645,4.466,8.515,7.471,9.818999999999999,3.283,5.276,10.899000000000001,3.157,4.296,3.6069999999999998,3.718,8.177999999999999,4.824
LCS_066A,9.527999999999999,6.716,9.798,9.408,5.547000000000001,4.293,7.943,9.25,6.407,4.033,3.716,3.877,9.389,5.382999999999999,9.333,6.79,9.128,3.465,4.678,10.152999999999999,3.5180000000000002,4.131,3.4610000000000003,3.495,7.31,4.565
LCS_248A,9.812000000000001,7.294,8.196,8.67,5.303,8.006,6.15,4.831,8.097999999999999,3.892,4.51,3.656,10.32,3.977,8.552999999999999,5.325,10.367,3.4410000000000003,4.152,10.99,3.4130000000000003,4.5089999999999995,3.3689999999999998,3.7110000000000003,8.192,4.984
LCS_121A,10.380999999999998,8.189,10.041,9.498,6.779,9.863999999999999,7.563,3.569,7.792000000000001,4.388999999999999,5.8839999999999995,3.8139999999999996,11.857999999999999,5.772,8.668,8.293,9.746,3.464,3.907,11.085,3.292,5.257000000000001,3.452,3.5,7.809,4.695
LCS_027A,3.7439999999999998,8.485,6.6610000000000005,8.25,6.5120000000000005,10.573,7.45,3.234,12.314,5.678,5.601,3.545,11.932,3.7689999999999997,7.3629999999999995,7.354,9.281,3.286,3.945,11.001,3.4130000000000003,4.133,3.636,3.154,6.876,5.7860000000000005
LCS_157A,10.244000000000002,6.557,10.191,9.256,6.292999999999999,10.402000000000001,6.685,3.1839999999999997,9.521,5.3389999999999995,5.349,3.713,11.654000000000002,9.181000000000001,8.84,8.33,10.362,3.201,5.007,11.175,3.215,4.533,3.7289999999999996,3.307,7.957000000000001,5.496
LCS_148A,9.085,6.928,9.457,8.051,5.572,7.279,6.186,3.398,10.667,4.595,4.515,3.6660000000000004,11.059000000000001,3.89,8.73,5.877999999999999,9.453,4.538,4.388,9.93,3.202,4.152,3.412,3.319,7.695,4.317
LCS_048A,9.968,6.604,11.228,9.639,6.8,9.808,6.513999999999999,3.678,8.785,5.322,6.065,4.015,10.673,4.817,9.316,7.271,9.842,3.431,5.486000000000001,11.058,3.2910000000000004,5.325,3.875,3.4730000000000003,6.766,6.516
LCS_012A,8.029,6.834,7.125,7.872000000000001,7.178999999999999,9.103,5.263,3.4,7.65,4.244,4.757,3.659,9.312000000000001,3.855,8.851,5.382999999999999,9.017000000000001,3.318,3.213,10.574000000000002,2.9989999999999997,4.106,3.616,3.28,7.403,4.114
LCS_126A,7.746,6.308,8.593,8.044,4.5089999999999995,8.071,4.362,3.2960000000000003,8.395,4.16,6.0520000000000005,3.7689999999999997,8.058,3.609,8.197000000000001,5.19,8.806000000000001,3.201,4.513,9.463,3.0189999999999997,4.221,3.545,3.305,7.416,4.166
LCS_260A,6.2139999999999995,6.193,8.276,7.806,5.712999999999999,6.6160000000000005,4.195,4.902,7.254,3.825,3.835,3.569,8.373,3.675,7.223,5.867000000000001,8.978,3.417,3.642,10.027999999999999,3.1310000000000002,4.485,3.7289999999999996,3.1639999999999997,7.486000000000001,3.775
LCS_247A,6.105,6.035,8.007,8.936,6.625,7.562,3.491,3.3560000000000003,9.642999999999999,6.862,5.707000000000001,4.064,11.050999999999998,5.263999999999999,8.222000000000001,5.184,9.103,3.1519999999999997,4.237,10.215,3.108,4.086,3.5380000000000003,3.076,7.735,4.52
LCS_088A,3.7039999999999997,6.292999999999999,7.471,8.927,6.325,9.219,7.376,3.63,10.905,3.612,4.973,4.006,9.372,9.334,8.551,4.915,7.974,3.3339999999999996,4.085,10.25,4.386,4.563,3.307,3.7489999999999997,7.297000000000001,4.285
LCS_051A,8.429,6.062,8.416,9.514,7.499,6.651,7.318,3.3110000000000004,8.437000000000001,3.373,5.372000000000001,3.81,12.069,4.547,7.774,7.581,9.345,3.4739999999999998,3.71,10.776,3.25,4.484,3.68,3.483,7.938,4.175
LCS_243A,6.087000000000001,7.093999999999999,7.022,9.56,6.577000000000001,7.577000000000001,6.513,3.2910000000000004,5.797000000000001,3.4989999999999997,4.505,3.728,11.978,4.194,8.003,7.468,8.277999999999999,3.775,6.648,11.492,4.176,4.092,3.5789999999999997,3.657,6.992000000000001,4.605
LCS_165A,3.77,5.975,9.609,9.366,7.566,11.308,6.7139999999999995,3.303,6.421,4.965,4.308,3.748,11.93,5.757999999999999,8.191,5.001,9.866,3.635,6.542999999999999,10.865,3.136,4.588,3.674,3.325,6.692,4.05
LCS_208A,7.607,6.275,7.864,9.533999999999999,7.402,10.084,7.085,3.815,4.7780000000000005,3.6310000000000002,4.113,3.8680000000000003,8.761000000000001,3.5069999999999997,7.97,4.44,9.024,3.41,4.137,10.448,3.2969999999999997,4.721,3.431,3.2760000000000002,7.822,3.9010000000000002
LCS_110A,8.387,6.407,8.26,8.657,5.744,6.992999999999999,6.539,3.111,3.468,4.322,3.6260000000000003,3.638,9.99,3.588,8.221,6.039,8.286,3.4539999999999997,3.821,10.989,3.4389999999999996,4.36,3.3480000000000003,3.655,7.534,4.525
LCS_056A,11.472999999999999,7.4479999999999995,6.789,8.793,5.5889999999999995,8.856,3.702,3.733,3.903,4.317,4.338,3.824,10.841,3.7030000000000003,8.863,5.449,9.041,3.196,3.4789999999999996,10.208,3.239,4.19,3.5189999999999997,3.62,8.091000000000001,4.0680000000000005
LCS_146A,4.387,6.371,6.7589999999999995,8.589,5.495,10.912,4.7,3.299,11.898,4.508,5.483,3.7239999999999998,5.332999999999999,4.498,9.283,5.016,9.785,3.2880000000000003,4.266,9.026,3.4,4.659,3.553,3.283,8.484,3.924
LCS_147A,7.992999999999999,6.8870000000000005,9.469,8.187000000000001,6.221,9.142999999999999,4.5760000000000005,4.762,8.66,4.351,6.218999999999999,3.7760000000000002,10.052,8.294,9.225,6.165,10.016,3.2560000000000002,3.758,10.879000000000001,3.0439999999999996,4.295,3.341,3.247,7.728,4.768
LCS_173A,9.664,6.684,8.65,9.082,7.007999999999999,9.969,5.312,3.406,8.32,5.2589999999999995,4.352,3.735,12.447000000000001,4.209,9.497,8.757,8.927999999999999,3.343,6.832000000000001,11.345,3.339,4.244,3.318,3.45,6.598,5.879
LCS_240A,6.263,7.404,7.29,9.196,6.473,9.481,6.337000000000001,3.312,11.187000000000001,4.1339999999999995,8.386000000000001,3.7739999999999996,10.804,11.780999999999999,10.731,7.1160000000000005,8.915,3.3280000000000003,4.117,10.989,2.91,4.253,3.656,3.069,7.444,6.184
LCS_266A,5.252000000000001,7.153,8.091000000000001,8.154,6.1770000000000005,11.238,6.507000000000001,3.562,5.939,4.783,3.9219999999999997,3.722,8.19,3.7939999999999996,8.648,5.836,9.035,3.217,3.719,10.732000000000001,3.05,4.064,3.573,3.225,8.248,3.636
LCS_167A,3.7060000000000004,6.454,7.502000000000001,7.6770000000000005,4.316,6.968,4.343999999999999,3.418,11.245999999999999,3.949,7.487,3.8160000000000003,7.745,4.5169999999999995,7.642,6.545,8.279,3.155,3.346,9.349,3.011,4.336,3.721,3.3560000000000003,8.189,3.8689999999999998
LCS_028A,3.673,6.433,6.505,9.038,5.551,9.648,3.3739999999999997,3.35,7.513,4.293,7.271,3.492,11.073,6.23,8.74,4.582,9.707,3.139,3.4010000000000002,11.110999999999999,3.055,4.48,3.33,3.3789999999999996,6.909,4.973
LCS_032A,8.968,6.471,7.422000000000001,8.811,6.946000000000001,5.182,5.439,3.605,9.951,3.605,4.382,3.659,6.771,3.983,8.249,5.739,8.964,3.412,3.319,10.249,3.0669999999999997,4.379,3.609,3.3939999999999997,7.405,3.98
LCS_050A,6.711,6.5,7.347,8.263,5.392,6.558,4.35,3.466,11.672,3.364,5.732,3.727,9.472000000000001,4.641,8.503,5.685,9.738999999999999,3.4339999999999997,3.8089999999999997,9.423,3.242,3.95,3.661,3.185,7.06,4.327
LCS_285A,7.487,7.211,7.347,8.375,6.358,7.386,6.525,3.284,7.091,4.458,5.287999999999999,3.793,10.827,4.173,7.935,4.595,9.874,3.502,3.6510000000000002,10.642999999999999,3.034,4.508,3.764,3.315,7.103,4.627
LCS_031A,10.626,6.987,11.87,8.969,7.528,10.206,6.246,3.51,5.385,4.288,5.631,4.246,11.709000000000001,4.681,8.185,8.041,10.126,3.301,7.795,11.008,3.2039999999999997,4.503,3.613,3.475,7.093999999999999,7.649
LCS_016A,9.102,6.7139999999999995,10.8,8.754,7.79,10.458,5.311,3.3939999999999997,11.299000000000001,3.7960000000000003,5.837000000000001,3.827,11.652000000000001,5.979,7.818,7.355,10.113999999999999,3.293,6.131,11.446,3.24,4.361000000000001,3.6919999999999997,3.509,6.587000000000001,5.131
LCS_106A,4.349,6.582999999999999,7.816,8.003,5.53,4.613,4.436,3.565,10.264000000000001,4.253,4.89,3.725,10.386,3.9330000000000003,7.926,6.386,9.96,4.426,3.306,9.389,3.068,3.682,3.52,3.153,7.751,3.533
LCS_107A,7.335,6.307,7.869,8.058,4.637,10.503,5.564,4.3069999999999995,9.257,5.3839999999999995,6.037999999999999,3.4989999999999997,9.005,3.775,8.873,5.249,9.948,3.307,3.4210000000000003,11.54,3.0460000000000003,4.235,3.5469999999999997,3.26,8.795,4.433
LCS_109A,4.979,7.361000000000001,7.6979999999999995,8.283999999999999,6.624,11.15,4.657,3.3710000000000004,10.876,6.428999999999999,6.044,3.799,8.749,6.331,8.078,6.275,8.699,3.352,3.38,9.232999999999999,3.135,4.144,3.89,3.342,7.915,4.2139999999999995
LCS_116A,6.193,6.422999999999999,9.149,7.984,6.63,7.957999999999999,8.446,8.146,6.135,4.129,4.468999999999999,3.5189999999999997,10.012,7.044,9.311,5.32,8.106,3.31,3.697,10.620999999999999,3.1660000000000004,4.558,3.665,3.221,8.017999999999999,4.199
LCS_137A,7.085,7.021,9.792,9.336,6.489,8.297,4.29,3.378,8.704,4.751,5.584,3.7039999999999997,11.549000000000001,4.213,8.006,8.695,9.029,3.1460000000000004,7.101,11.020999999999999,3.3089999999999997,4.312,3.613,3.443,6.479,4.001
LCS_138A,7.7829999999999995,6.662000000000001,7.285,8.902999999999999,4.862,7.127999999999999,5.587999999999999,3.517,7.372000000000001,4.33,5.336,3.966,10.545,3.78,9.309,5.545,9.583,3.92,3.3480000000000003,10.573,3.284,3.9339999999999997,3.5460000000000003,3.267,8.136000000000001,3.99
LCS_139A,4.144,6.251,7.239,8.414,6.928999999999999,8.866,3.7539999999999996,3.1889999999999996,10.470999999999998,3.9930000000000003,7.77,3.673,5.6979999999999995,5.949,7.393,7.379,9.929,3.475,3.4589999999999996,9.425,2.9730000000000003,4.331,3.807,3.2319999999999998,9.22,3.737
LCS_142A,3.3810000000000002,6.899,7.3260000000000005,8.363999999999999,4.3580000000000005,5.751,5.6770000000000005,3.325,10.499,4.995,7.843999999999999,3.8289999999999997,6.267,3.9730000000000003,8.899,6.336,9.546,4.316,3.5389999999999997,9.634,2.875,4.064,3.465,3.134,8.262,3.8819999999999997
LCS_196A,7.157,6.5520000000000005,8.196,7.8420000000000005,4.865,9.668,3.5989999999999998,3.889,11.993,4.546,5.632000000000001,3.367,8.952,7.917000000000001,8.241,6.117000000000001,9.083,3.3930000000000002,4.102,10.008,3.193,4.488,3.4619999999999997,3.175,7.516,4.437
LCS_207A,6.292999999999999,6.702999999999999,6.984,9.486,5.796,8.13,3.1639999999999997,3.2889999999999997,11.152999999999999,3.909,6.894,3.577,6.438,3.887,7.502999999999999,5.632000000000001,9.231,3.15,3.282,8.517000000000001,2.9589999999999996,4.032,3.219,3.14,8.126,3.7739999999999996
LCS_231A,3.4189999999999996,7.037999999999999,7.147,8.525,6.127000000000001,10.823,3.431,3.4560000000000004,12.501,5.337000000000001,7.499,3.687,8.279,4.074,9.392000000000001,7.371,9.611,3.4360000000000004,3.299,10.035,2.802,4.283,3.72,3.19,8.046,4.215
LCS_251A,9.187000000000001,7.5,8.352,7.919,5.026,7.931,4.006,4.413,7.811,5.0,4.882,3.4730000000000003,7.981,3.9760000000000004,8.847999999999999,5.555,9.149,3.202,3.173,9.505,2.931,4.1610000000000005,3.81,3.2880000000000003,8.605,4.218999999999999
LCS_072A,5.757999999999999,6.093,11.229000000000001,9.122,6.007000000000001,10.314,5.537999999999999,3.3360000000000003,10.349,7.7010000000000005,6.278,3.9419999999999997,10.248,8.216000000000001,6.827000000000001,7.181,9.228,3.352,4.434,12.005,3.134,4.146,3.542,3.575,7.218,5.776
LCS_263A,8.259,7.167000000000001,8.513,7.85,5.996,9.033,7.3870000000000005,3.4189999999999996,7.5089999999999995,4.578,4.855,3.778,11.470999999999998,3.8160000000000003,7.6979999999999995,6.457999999999999,8.946,3.2289999999999996,3.7119999999999997,10.564,2.779,3.93,3.4419999999999997,3.2,8.302,3.9730000000000003
LCS_269A,8.683,7.081,7.706,7.77,7.039,10.899000000000001,6.907,4.602,8.054,4.362,4.507,3.542,10.039,4.6819999999999995,9.204,5.757000000000001,9.992,3.3,3.542,10.409,2.887,4.078,3.5869999999999997,3.255,8.11,4.3069999999999995
LCS_273A,10.076,7.351,12.389000000000001,9.017000000000001,7.101,7.625,7.4,3.52,7.164,3.802,6.063,3.7739999999999996,10.26,4.157,8.138,8.982999999999999,9.094,3.1039999999999996,5.695,11.720999999999998,3.1439999999999997,4.343,3.7310000000000003,3.2319999999999998,7.404,6.481
LCS_289A,6.492000000000001,7.3839999999999995,7.657,9.144,7.122000000000001,8.902999999999999,8.402000000000001,3.405,4.172,3.847,5.071000000000001,3.843,11.523,4.194,8.083,8.087,6.379,3.265,3.872,11.687000000000001,3.2239999999999998,4.404,3.597,3.792,7.471,4.98
LCS_290A,9.493,6.108,8.359,9.395,6.803999999999999,10.64,7.36,3.4819999999999998,11.612,4.692,6.112,3.917,11.025,5.407,7.774,5.885,9.55,3.2310000000000003,3.5839999999999996,11.294,3.008,4.19,3.82,3.222,6.556,4.325
LCS_097A,7.6,6.058,7.821000000000001,9.642000000000001,6.353,9.392000000000001,7.672000000000001,3.4410000000000003,6.397,4.37,4.8580000000000005,3.801,10.564,4.58,7.808,7.265,10.158999999999999,3.467,4.695,11.498,3.2489999999999997,4.421,3.682,3.38,6.898,4.356
LCS_158A,7.627000000000001,6.247999999999999,10.345999999999998,9.021,5.1,10.547,4.031000000000001,3.3989999999999996,8.529,4.378,6.0760000000000005,4.463,10.152999999999999,5.348,6.718999999999999,7.796,8.738999999999999,3.2889999999999997,4.61,11.18,3.114,4.666,3.675,3.471,7.105,5.487
LCS_161A,7.312,6.37,9.933,6.939,6.202999999999999,4.632,6.044,3.9219999999999997,4.962,3.978,5.275,4.615,9.45,5.204,6.992000000000001,8.669,9.1,3.3160000000000003,4.1419999999999995,11.062999999999999,3.0589999999999997,4.4639999999999995,3.688,4.018,7.167999999999999,5.2139999999999995
LCS_172A,8.036,7.1160000000000005,7.574,8.923,5.551,9.517000000000001,7.077999999999999,3.725,12.565999999999999,3.569,5.949,3.696,7.736000000000001,4.008,8.981,4.887,8.305,3.285,3.417,10.255999999999998,2.8160000000000003,4.895,3.5189999999999997,3.377,7.654,4.024
LCS_197A,9.123,7.039,8.266,7.849,4.357,6.815,4.841,4.496,8.777999999999999,4.502,6.274,4.167,7.252000000000001,3.8680000000000003,9.302,4.7010000000000005,10.347000000000001,3.32,4.038,10.029,3.043,4.416,3.6639999999999997,3.2760000000000002,7.626,3.986
LCS_200A,7.811,6.2379999999999995,8.533999999999999,8.13,4.878,6.257999999999999,4.546,3.903,11.915,4.72,6.187,3.895,4.51,3.8819999999999997,6.7860000000000005,4.355,8.047,3.168,3.694,9.732000000000001,3.1430000000000002,5.312,3.642,3.35,6.7620000000000005,3.98
LCS_201A,9.465,5.949,11.094000000000001,8.402999999999999,7.356,10.175,5.885,3.3,5.693,6.478,5.546,3.5039999999999996,11.552,4.588,8.062999999999999,6.98,9.686,3.3489999999999998,4.405,11.790999999999999,3.022,4.114,3.6919999999999997,3.445,7.4479999999999995,4.253
LCS_216A,8.236,6.5329999999999995,9.878,7.665,4.968999999999999,6.504,3.688,3.319,9.37,3.7710000000000004,5.346,3.565,8.956,4.166,5.625,5.608,8.701,3.3539999999999996,5.075,9.386000000000001,2.8680000000000003,4.003,3.657,3.284,7.3870000000000005,4.665
LCS_238A,7.875,6.542999999999999,8.389,9.102,6.157,7.072,7.933,5.146,7.825,3.8819999999999997,5.114,3.782,10.907,5.34,8.93,5.757999999999999,9.844,3.2510000000000003,3.877,10.368,3.111,5.167000000000001,3.907,3.1439999999999997,7.507000000000001,4.873
LCS_046A,3.617,5.805,7.756,9.38,6.249,7.973,7.409,3.6060000000000003,7.235,3.9339999999999997,5.604,3.99,9.891,5.301,7.755,6.064,9.139,4.478,3.682,10.925999999999998,2.965,4.2,3.787,3.4339999999999997,7.237,4.579
X02_342A,6.367000000000001,7.129,6.861000000000001,8.441,7.268,8.832,3.5439999999999996,4.428999999999999,9.862,3.9160000000000004,5.831,3.89,10.665,4.579,8.67,6.697,10.325,3.24,3.568,10.829,3.239,4.207,3.688,3.3939999999999997,8.126,4.404
X02_362A,11.155999999999999,5.941,6.85,8.426,6.522,6.777,6.33,3.779,8.294,4.281000000000001,5.6579999999999995,3.658,11.345999999999998,4.256,6.97,7.935,10.066,3.264,5.159,11.008,4.5489999999999995,4.832,3.799,3.5580000000000003,6.64,4.614
LCS_190A,3.859,6.295,7.028,8.592,5.763,7.446000000000001,4.14,6.117000000000001,11.349,4.356,3.656,4.184,4.9639999999999995,4.382,8.31,5.507999999999999,9.75,4.044,4.537,9.094,3.201,4.817,3.9330000000000003,3.57,6.582999999999999,4.506
