LCS ID,AKR1D1,CYP3A4,HSD17B10,HSD17B8,AKR1C4,PPARGC1A,CYP19A1,SPP1,HSD17B3,ADM,SGPL1,HSD17B6,CYP17A1,SCARB1,SRD5A1,HSD17B11,WNT4,ESR1,HSD17B4,HSD3B1,DHRS9,SHH,HSD3B2,PLEKHA1,SRD5A2,TIPARP
LCS_079A,8.684,7.902,9.386,5.936,8.007,5.906,4.666,8.455,3.849,7.555,3.889,10.877,10.417,8.62,6.593,8.851,3.3,4.476,10.724,3.433,3.908,3.392,3.289,7.292,3.763,6.402
LCS_092A,6.071,7.463,8.225,4.872,9.038,3.785,3.624,8.737,4.27,5.853,3.661,7.409,4.023,8.651,4.686,9.282,3.881,3.9,9.457,3.815,4.095,3.641,3.807,7.309,4.625,5.56
LCS_101A,9.224,7.935,8.386,4.877,4.506,4.86,3.873,7.11,4.971,4.793,3.42,9.845,4.551,7.541,6.071,8.914,3.62,3.839,10.35,3.728,4.437,3.592,3.504,7.581,4.27,6.366
LCS_083A,7.557,8.011,8.644,6.821,7.444,6.048,3.383,4.475,4.632,4.399,3.97,10.481,4.266,7.619,6.352,9.107,3.52,4.925,11.002,3.495,3.966,3.68,4.111,6.526,4.974,6.008
LCS_095A,4.607,8.129,8.964,5.109,7.848,6.257,3.47,10.387,4.171,5.632,3.587,10.16,10.607,8.417,6.8,9.331,3.427,4.242,10.955,3.468,5.064,3.586,3.422,6.441,4.413,5.889
LCS_102A,7.337,8.062,9.276,7.041,9.088,6.2,3.644,7.031,5.832,5.54,3.795,10.286,4.489,8.947,7.348,9.465,3.307,4.578,10.273,3.321,4.228,3.614,3.328,6.614,5.022,5.505
LCS_085A,9.529,9.095,9.035,6.359,8.051,6.318,3.703,4.59,3.868,4.826,3.642,9.42,4.116,8.647,6.682,9.568,3.305,4.472,10.349,8.346,4.37,3.661,3.761,7.095,4.012,7.233
LCS_096A,9.342,11.384,9.354,6.818,9.131,7.229,3.907,7.081,5.005,6.647,3.798,10.697,4.861,8.28,6.988,8.866,3.708,6.839,10.758,3.32,4.001,3.609,4.294,6.853,5.597,5.927
LCS_103A,4.231,11.872,9.151,7.782,9.809,7.227,3.484,5.017,5.043,5.104,3.782,10.866,9.035,8.958,5.846,8.617,3.327,7.28,11.788,3.343,4.235,3.374,3.57,6.309,5.997,5.823
LCS_091A,8.392,8.295,8.995,6.618,10.881,5.946,3.558,10.77,6.041,5.644,3.446,11.242,3.959,9.076,7.822,9.36,3.366,5.867,10.731,3.596,4.704,3.348,3.55,6.822,5.109,6.284
LCS_099A,9.917,7.946,9.609,7.225,9.597,5.553,3.657,3.962,3.995,5.866,3.348,11.426,8.129,9.398,8.375,10.421,3.391,5.194,11.291,3.717,4.798,3.985,4.038,6.42,5.464,7.48
LCS_105A,10.478,9.47,9.628,7.255,8.128,7.056,3.406,4.779,4.56,5.406,3.717,11.006,8.49,10.076,6.997,9.282,3.599,6.229,10.718,3.454,4.181,3.403,3.32,7.009,4.408,6.015
LCS_122A,3.897,7.198,8.541,6.293,10.71,3.996,3.589,12.311,5.552,7.3,3.885,8.508,4.102,9.198,7.55,9.522,3.527,4.254,9.585,3.185,4.42,3.383,3.221,7.655,3.608,7.149
LCS_004A,7.695,7.305,9.164,7.222,6.475,4.672,4.031,8.218,4.13,5.719,3.86,6.393,8.312,9.469,6.505,9.098,3.428,3.733,9.592,3.321,4.119,3.534,3.265,6.946,4.362,6.473
LCS_130A,10.138,12.172,8.87,7.011,7.986,7.397,3.823,6.457,4.343,5.949,3.86,10.569,4.065,8.063,9.086,9.142,3.208,5.891,11.598,3.341,4.441,3.758,3.537,6.903,6.401,7.449
LCS_123A,4.681,7.399,7.307,6.029,6.745,3.74,3.465,8.068,6.029,6.131,3.574,9.818,4.084,8.165,6.908,8.853,3.36,4.137,10.049,3.123,4.47,3.474,3.201,7.633,3.641,7.449
LCS_007A,5.984,11.288,9.039,6.204,10.117,5.364,3.625,9.773,7.877,6.592,3.861,10.246,8.011,6.983,7.414,9.257,3.468,4.719,11.536,3.476,4.195,3.542,3.469,6.734,5.766,6.295
LCS_135A,7.235,7.689,8.848,5.236,7.03,5.585,3.877,5.948,4.52,5.653,3.679,10.578,4.934,9.4,5.885,9.612,3.857,4.34,10.029,3.592,3.99,3.559,3.225,7.875,3.686,7.049
LCS_125A,7.769,9.193,8.978,6.243,9.427,5.386,3.628,5.095,6.689,4.942,3.739,11.137,6.907,8.372,8.376,10.684,3.419,4.385,11.207,4.09,4.347,3.596,3.381,7.571,5.625,6.572
LCS_127A,8.401,8.539,7.878,6,9.186,7.603,3.404,7.065,4.465,5.013,3.603,11.256,4.285,8.163,6.575,9.008,3.233,3.931,10.511,3.173,3.972,3.448,3.265,7.675,4.353,7.06
LCS_136A,6.554,9.94,9.381,6.94,8.205,4.162,3.42,7.517,4.948,5.44,3.667,11.76,4.716,8.379,8.71,8.953,3.435,7.686,10.273,3.347,4.079,3.573,3.517,5.995,3.741,7.149
LCS_188A,7.037,9.756,8.456,5.561,9.902,5.699,3.171,10.07,5.616,7.248,3.762,9.343,4.081,8.415,4.723,8.651,3.661,5.293,9.988,3.372,4.56,3.674,4.449,7.63,4.888,6.981
LCS_185A,7.62,8.832,9.539,5.016,7.853,4.44,3.286,8.922,4.803,7.75,3.974,8.961,3.464,8.135,5.745,9.559,3.967,5.298,10.337,3.514,4.005,3.559,4.091,7.174,4.019,5.562
LCS_154A,8.154,9.295,9.005,4.666,6.682,5.216,3.407,11.397,4.365,3.884,4.551,9.425,3.724,6.195,5.035,9.847,3.832,5.839,9.513,4.062,5.057,3.662,5.198,7.49,5.525,4.927
LCS_120A,5.096,8.162,9.059,6.108,11.439,3.775,3.142,11.008,7.46,6.202,3.812,8.039,3.737,8.546,6.725,8.94,3.254,4.18,10.055,3.151,4.267,3.624,3.323,8.388,4.26,5.653
LCS_286A,3.932,11.498,9.644,7.726,11.863,6.115,3.529,7.262,4.952,5.52,3.627,11.614,3.684,8.29,7.922,10.495,3.719,5.389,11.199,3.602,4.425,3.622,3.603,6.978,4.854,6.012
LCS_086A,7.448,7.132,8.3,6.151,10.353,4.032,3.243,10.987,4.791,3.843,3.786,9.033,3.436,8.642,4.57,9.006,3.551,3.287,10.145,3.108,4.62,3.462,3.163,7.313,3.705,6.701
LCS_023A,7.675,10.798,8.239,7.304,9.322,6.82,3.435,6.238,3.867,3.86,4.099,11.784,4.41,8.682,8.322,10.576,3.268,4.534,11.14,3.069,4.073,3.374,3.485,8.376,4.442,6.067
LCS_177A,4.842,6.939,7.983,5.601,8.223,8.177,3.51,8.727,3.63,4.87,3.971,10.841,3.763,8.07,6.096,8.888,3.411,3.688,10.495,3.217,4.252,3.185,3.828,8.301,4.108,6.938
LCS_140A,8.473,11.312,10.079,7.616,7.181,6.422,3.366,6.755,5.501,6.099,3.943,12.037,4.095,9.401,5.577,10.472,3.474,5.434,11.082,3.368,4.169,3.531,3.924,7.129,4.512,6.304
LCS_035A,8.107,7.956,9.379,5.02,9.232,5.065,3.468,11.978,3.458,5.146,3.854,10.384,3.61,8.239,5.82,8.344,4.031,4.205,10.24,3.265,4.461,3.39,3.275,7.142,4.486,5.732
LCS_132A,8.311,10.175,8.811,6.053,8.158,6.819,3.206,10.833,4.092,5.497,3.81,11.169,4.552,8.611,8.551,9.567,3.607,5.34,10.602,3.149,4.18,3.453,3.617,6.731,5.546,6.035
LCS_205A,5.172,7.292,7.945,4.392,4.978,5.733,3.351,8.835,3.961,6.531,3.492,5.826,5.899,9.749,5.653,8.847,3.225,3.956,10.608,3.384,4.207,3.328,3.835,7.854,4.268,5.666
LCS_274A,6.116,6.118,8.517,5.974,9.55,7.28,3.412,10.617,5.169,4.018,3.669,12.156,9.671,8.236,7.266,10.141,3.581,4.834,11.354,3.449,4.08,3.283,3.774,7.773,4.494,5.421
LCS_159A,7.15,6.669,7.858,4.878,9.469,5.292,3.741,10.177,5.019,6.463,3.976,7.075,3.538,8.706,5.174,8.879,3.47,4.052,10.89,3.748,4.49,3.477,3.273,7.884,4.704,6.36
LCS_150A,9.654,7.015,7.541,4.961,5.827,5.192,3.501,7.561,5.124,5.643,3.756,3.968,3.845,8.834,4.418,9.903,3.402,3.943,9.956,3.309,4.13,3.669,3.44,8.632,3.778,6.721
LCS_014A,5.344,6.611,8.532,6.428,7.9,6.809,3.263,5.004,4.087,3.583,3.941,10.741,4.068,8.335,7.544,9.582,4.269,3.793,10.614,4.434,4.242,3.746,3.718,8.239,5.117,7.01
LCS_227A,9.708,11.42,9.149,5.285,8.732,5.869,3.405,5.18,4.973,6.115,3.828,11.057,6.409,8.136,6.969,9.824,3.227,4.841,11.438,6.715,5.169,4.026,3.945,6.934,6.841,6.733
LCS_283A,6.938,7.928,9.706,6.253,9.518,8.521,3.268,5.629,3.461,4.885,3.538,12.044,7.096,9.841,8.037,9.035,3.391,3.527,10.215,3.369,4.718,3.726,4.321,8.255,5.273,5.116
LCS_162A,10.084,6.697,9.195,4.32,10.939,6.56,3.143,11.558,4.881,5.314,4.137,10.605,3.551,9.328,5.897,9.551,3.373,3.465,10.421,3.319,4.209,3.461,3.317,7.526,5.917,6.492
LCS_104A,7.356,6.508,9.928,7.308,10.17,8.079,3.99,5.467,3.458,5.245,3.951,11.782,3.657,9.126,5.233,9.789,4.379,3.913,10.337,3.213,4.23,3.572,3.373,7.725,5.533,6.098
LCS_272A,7.865,12.561,9.499,8.031,9.419,5.833,3.2,4.79,3.741,4.266,4.288,11.438,7.851,8.411,8.737,10.108,3.26,5.103,12.026,3.078,4.507,3.797,3.467,6.518,6.937,6.557
LCS_237A,4.97,4.904,9.057,5.937,9.595,4.026,3.366,9.466,5.106,7.628,4.506,9.751,3.798,9.708,7.301,9.324,3.277,4.478,9.537,3.289,3.787,3.297,3.542,8.682,3.482,8.018
LCS_152A,8.216,10.974,9.037,6.966,10.431,6.171,3.47,10.225,3.911,4.357,3.73,11.041,4.279,8.264,7.308,8.837,3.27,6.677,11.202,3.471,4.191,3.477,3.422,7.941,4.109,6.519
LCS_067A,6.462,7.073,8.138,5.858,9.661,4.628,3.671,5.244,4.639,4.191,3.457,8.578,4.727,8.183,5.57,8.126,3.268,3.664,9.966,3.093,4.117,3.692,3.292,8.554,4.33,4.648
LCS_209A,6.226,4.543,6.455,4.456,7.077,3.6,3.483,9.559,4.964,7.232,4.098,5.354,4.097,6.28,6.513,9.627,3.85,5.71,10.635,4.694,4.214,3.987,5.006,5.885,5.184,5.827
LCS_065A,5.03,5.44,8.507,4.249,8.405,5.524,3.952,12.299,5.207,8.84,4.181,9.539,3.544,7.973,4.189,9.798,3.458,4.355,9.834,3.016,4.397,4.137,3.665,7.232,3.801,6.629
LCS_211A,9.341,8.495,8.792,7.761,7.315,7.064,3.185,5.444,3.735,4.629,3.893,10.891,4.051,8.421,6.475,10.353,3.748,5.427,10.861,3.364,3.816,3.435,3.476,7.258,3.85,7.079
LCS_073A,3.162,5.279,8.119,6.033,3.941,7.045,3.108,7.037,3.481,8.278,3.779,3.945,3.534,8.066,6.858,6.985,3.326,6.51,10.051,3.358,3.889,3.333,3.249,7.273,3.927,6.85
LCS_230A,4.432,6.522,7.449,4.086,4.482,4.524,3.49,9.844,4.31,5.286,4.573,3.983,3.892,6.014,5.095,9.819,3.602,4.726,8.078,3.857,4.336,3.791,4.005,7.316,4.144,6.782
LCS_262A,9.435,6.167,8.922,5.279,6.913,6.121,4.651,9.14,4.948,6.036,3.944,7.197,9.875,9.39,5.356,7.209,3.233,3.463,9.478,3.407,4.006,3.402,3.495,8.238,3.683,7.114
LCS_144A,6.341,11.627,8.78,6.255,11.234,5.757,3.413,12.781,5.081,8.796,4.046,10.957,6.572,7.27,7.432,9.675,3.163,6.691,11.327,3.242,5.587,3.622,3.561,6.74,5.175,8.439
LCS_024A,3.506,7.362,7.793,5.004,8.345,7.913,3.965,9.115,6.602,4.306,3.565,8.186,4.616,7.7,4.748,9.128,4.25,3.865,10.981,3.077,4.353,3.367,3.683,8.381,3.717,5.719
LCS_212A,3.355,7.032,8.682,5.411,4.183,7.153,3.146,9.606,4.417,8.427,3.883,3.074,3.903,8.69,4.54,8.035,3.341,3.748,8.533,3.251,4.224,3.682,3.679,8.883,4.212,6.344
LCS_180A,4.85,10.348,8.622,6.808,7.336,4.587,3.535,10.069,3.706,7.736,4.76,11.218,9.35,10.025,5.348,8.827,3.358,3.736,10.895,2.963,4.521,3.774,3.304,8.845,4.393,6.694
LCS_183A,9.738,6.596,9.864,5.279,9.691,6.58,4.185,8.004,4.36,4.5,3.773,10.961,6.479,8.644,6.35,8.583,3.462,5.104,10.691,5.356,4.858,3.582,3.513,7.402,6.586,6.389
LCS_153A,7.507,4.986,5.834,4.179,10.226,3.768,3.853,10.321,5.262,5.368,4.03,6.732,3.924,7.53,5.631,6.126,3.527,5.427,9.368,3.288,4.2,3.67,5.116,8.378,4.887,5.161
LCS_042A,4.81,7.164,8.546,6.776,9.89,5.456,3.631,12.15,3.931,4.776,3.96,10.292,4.441,8.214,6.686,9.013,3.979,3.948,10.294,3.234,4.389,3.512,3.453,8.049,4.686,6.978
LCS_018A,9.188,10.449,8.493,6.48,10.46,6.566,3.279,8.786,5.14,5.175,3.766,11.265,3.908,8.477,6.944,9.973,3.695,6.55,10.953,2.931,4.387,3.71,3.115,7.405,4.94,7.073
LCS_062A,5.817,6.345,6.525,3.86,4.36,5.792,3.541,7.708,4.762,6.734,3.627,3.983,5.244,8.976,5.946,4.989,3.902,3.873,9.581,3.479,4.6,5.002,5.757,6.882,4.681,4.326
LCS_275A,7.741,8.288,8.146,6.775,11.554,8.435,3.671,6.067,3.43,4.17,3.797,5.875,3.762,8.685,5.906,9.222,3.66,3.925,10.4,3.325,4.369,3.905,3.731,7.658,4.161,7.613
LCS_015A,4.216,10.082,8.92,6.127,10.799,4.037,3.469,12.625,4.23,7.412,3.915,11.243,4.205,8.294,6.321,9.334,3.555,6.231,11.637,3.252,4.611,3.433,3.433,7.204,6.66,8.592
LCS_118A,5.575,8.123,8.061,4.987,6.355,4.758,3.391,9.553,4.146,4.427,3.403,9.236,3.976,9.312,6.855,9.636,3.428,3.523,9.887,3.239,4.179,3.398,3.254,8.261,3.975,7.092
LCS_069A,5.483,6.611,7.887,3.865,4.611,3.21,3.651,10.858,3.837,9.399,3.457,6.414,4.507,8.846,5.698,9.184,3.627,4.059,9.677,3.304,4.95,4.184,3.478,8.185,4.018,6.329
LCS_234A,3.219,7.621,6.535,4.326,5.174,7.735,3.721,11.216,3.774,9.993,3.571,4.71,4.403,8.802,4.426,8.632,3.134,3.426,8.521,3.153,4.238,3.781,3.241,8.002,4.536,7.459
LCS_210A,9.89,10.834,9.915,5.565,8.61,7.342,3.504,4.106,3.655,3.918,3.537,11.86,8.651,7.58,8.413,10.956,3.407,4.497,11.473,3.85,4.288,3.619,3.342,7.095,4.402,5.579
LCS_265A,9.558,8.459,8.104,4.22,5.267,6.83,3.335,11.849,4.16,4.166,3.574,7.219,3.949,7.931,6.369,7.551,3.629,3.542,9.103,3.223,4.308,3.516,3.345,7.476,3.687,5.862
LCS_149A,10.609,7.103,8.708,6.165,9.621,7.637,3.397,9.026,5.168,5.534,3.67,10.974,8.137,9.187,7.639,10.939,3.333,5.668,11.033,3.41,4.394,3.678,3.306,7.8,6.041,6.016
LCS_040A,6.911,7.755,7.905,5.506,5.367,6.314,4.541,4.727,4.758,4.619,3.506,3.244,3.677,9.33,5.956,10.548,3.259,3.644,10.24,3.255,4.221,3.614,3.371,9.012,3.593,6.359
LCS_169A,8.363,8.233,9.295,6.821,10.016,4.916,3.396,4.817,3.56,3.659,3.786,11.892,10.006,8.779,6.37,10.865,3.358,4.751,10.863,3.336,4.201,3.586,3.434,7.518,4.475,5.775
LCS_256A,4.509,9.352,6.636,6.324,9.903,4.347,3.815,5.255,4,5.007,3.764,10.237,4.449,7.008,8.222,9.464,3.284,4.407,10.305,3.305,4.654,3.837,4.373,7.334,3.985,6.629
LCS_213A,7.495,8.488,8.656,6.003,10.13,3.955,3.852,10.051,3.995,4.534,4.025,8.369,4.954,8.818,5.078,10.597,3.528,4.303,9.28,4.109,5.143,3.919,4.552,6.577,5.118,5.345
LCS_033A,6.897,4.592,9.131,4.893,6.535,4.024,3.33,10.666,3.298,6.384,3.524,9.288,3.494,6.667,5.467,9.415,4.467,4.892,8.123,3.967,5.106,3.407,3.443,6.966,5.356,6.582
LCS_164A,8.048,7.416,7.919,5.416,7.886,3.712,3.362,12.042,5.765,4.848,3.557,6.923,3.694,8.634,5.835,9.545,5.588,3.366,8.69,2.962,3.928,3.691,3.276,7.177,4.095,5.751
LCS_223A,7.705,6.871,8.513,6.477,3.745,5.145,3.489,5.435,3.534,4.611,3.408,10.379,3.858,9.119,5.6,9.678,3.361,3.308,10.176,3.325,4.42,3.688,3.325,6.747,3.733,6.482
LCS_245A,9.631,9.315,9.481,6.463,7.489,5.805,3.261,7.106,4.234,6.262,3.744,11.533,7.976,9.587,6.297,10.084,3.278,4.089,10.931,3.327,4.105,3.811,3.452,7.526,5.212,6.363
LCS_061A,5.813,12.091,10.022,6.876,10.079,7.531,3.619,7.67,4.027,5.373,3.808,10.911,4.296,7.79,7.032,9.955,3.422,4.783,11.517,3.259,4.858,4.093,3.817,7.049,5.132,6.399
LCS_191A,5.984,7.659,9.528,5.064,8.946,8.218,4.208,11.542,3.827,6.785,3.456,9.337,3.636,8.672,7.753,9.782,5.338,3.228,10.393,3.372,4.353,3.655,3.29,8.523,3.804,5.713
LCS_171A,7.351,6.577,8.191,5.819,10.834,4.614,3.676,10.817,5.593,4.035,3.691,8.753,3.537,9.419,5.875,9.646,3.371,3.731,10.853,3.327,4.589,3.369,3.246,7.167,3.714,7.138
LCS_249A,9.173,9.825,8.545,4.475,8.747,7.358,5.694,6.6,6.209,4.861,3.534,10.914,3.573,9.905,6.607,9.671,3.3,3.458,10.997,3.554,4.505,3.48,3.34,7.799,4.628,6.793
LCS_020A,10.159,10.868,8.87,7.075,9.948,7.811,3.321,5.652,4.23,4.816,3.717,11.532,4.165,9.623,8.459,10.139,3.234,7.071,10.83,3.43,4.533,3.683,3.633,6.885,6.618,6.735
LCS_045A,5.942,11.199,8.921,4.268,7.137,5.191,3.454,11.567,5.866,7.03,3.513,9.978,9.319,8.192,7.164,8.758,3.344,3.821,11.105,5.314,4.519,3.796,3.318,7.035,6.231,6.129
LCS_094A,9.348,7.374,9.108,6.269,9.4,5.886,3.344,5.692,4.161,5.854,3.52,11.569,5.03,8.603,6.796,9.624,4.046,4.098,10.566,3.377,4.658,3.449,3.29,8.04,4.232,6.995
LCS_131A,3.575,6.383,8.236,4.077,9.5,3.682,3.652,12.733,6.393,6.382,3.878,8.241,3.62,9.253,4.293,9.586,3.89,4.601,8.401,4.753,5.459,3.835,3.818,7.873,3.803,6.227
LCS_241A,6.192,5.851,9.391,7.092,8.039,9.079,3.575,6.934,3.256,3.926,3.819,12.359,4.207,8.745,9.645,10.804,4.153,5.53,9.51,3.951,5.075,3.502,3.686,8.061,4.321,6.299
LCS_057A,6.605,6.691,9.902,6.257,11.06,4.967,3.353,9.621,4.4,6.108,3.642,10.559,7.436,10.347,7.923,8.814,3.587,3.497,11.124,3.539,4.739,3.564,3.305,6.57,5.186,6.378
LCS_074A,11.057,10.631,9.581,6.655,9.228,5.651,3.901,3.454,3.765,4.862,4.054,11.908,4.14,8.504,8.936,8.636,4.264,5.176,11.125,4.264,4.233,3.917,3.041,7.047,5.457,6.837
LCS_160A,9.154,7.89,8.444,5.934,9.717,4.882,3.735,9.853,4.878,6.035,3.651,11.143,4.169,8.837,6.397,9.352,3.379,3.984,10.516,3.306,4.666,3.536,3.566,7.868,3.722,6.557
LCS_179A,8.483,7.393,7.561,5.093,6.293,6.374,3.505,9.836,4.149,6.564,3.867,11.411,3.805,10.411,6.361,9.837,3.611,3.419,10.402,7.247,4.502,3.865,3.492,7.807,4.633,6.765
LCS_134A,6.488,6.721,7.898,5.499,8.265,3.75,3.961,11.867,4.033,7.968,3.934,8.411,3.882,9.31,4.83,9.75,3.491,3.407,10.26,3.227,4.384,3.391,3.119,7.712,4.449,6.712
LCS_009A,8.571,8.299,8.624,4.756,6.018,3.989,3.485,9.226,5.553,9.258,4.069,10.568,4.002,9.838,7.81,9.383,3.309,3.735,9.143,4.875,4.33,3.704,3.722,8.533,3.817,6.96
LCS_224A,5.416,7.02,8.849,4.528,4.793,4.886,6.662,8.952,4.105,4.499,3.671,5.306,3.823,8.491,6.023,9.69,3.312,3.715,10.531,3.2,4.198,3.549,3.463,7.877,4.289,5.759
LCS_078A,7.822,11.74,8.558,7.994,8.237,5.609,3.429,6.899,3.752,4.418,3.628,11.352,3.513,7.684,6.165,10.265,3.329,4.224,10.25,3.286,4.33,3.615,3.26,6.614,4.904,6.944
LCS_093A,3.397,7.484,8.496,6.338,10.987,5.871,3.595,11.183,5.973,5.003,4.177,10.997,3.866,7.813,8.98,10.125,4.722,4,9.945,3.644,4.951,3.612,3.647,7.398,3.532,6.285
LCS_253A,6.801,8.928,9.14,4.327,6.841,6.4,4.652,11.058,3.348,5.82,4.099,9.228,4.441,7.966,6.626,9.73,4.017,4.99,7.433,3.746,4.718,3.561,3.817,7.147,5.428,6.864
LCS_279A,10.052,10.356,8.676,6.244,10.741,5.777,3.522,12.028,3.868,4.748,3.47,11.388,4.215,7.805,7.529,9.169,3.551,5.082,10.779,3.37,4.348,3.743,3.403,7.835,4.595,6.764
LCS_008A,3.151,7.299,8.588,4.916,6.927,4.348,3.812,10.575,3.596,4.752,3.642,9.826,4.234,7.184,6.646,8.921,4.781,4.339,9.791,3.248,4.511,3.7,3.232,6.817,3.746,7.013
LCS_049A,4.144,7.677,7.968,4.396,7.55,4.02,3.259,12.975,4.026,5.153,3.666,8.429,4.419,7.548,5.271,8.432,3.667,4.183,8.494,3.25,4.451,3.978,3.123,7.214,4.101,5.669
LCS_291A,7.262,7.298,7.759,5.534,7.443,4.627,3.696,7.235,4.659,5.537,3.581,5.184,4.511,9.173,5.66,9.555,3.476,4.112,9.591,2.969,3.957,3.62,3.395,9.869,3.923,7.51
LCS_281A,7.716,8.353,8.391,6.227,10.336,6.603,4.86,7.525,5.484,4.833,3.717,9.206,9.017,8.937,4.999,9.509,3.445,3.876,10.959,3.553,5.284,3.998,3.435,8.372,4.402,6.351
LCS_156A,10.392,9.595,9.185,7.202,10.047,7.908,3.487,7.298,4.023,3.979,3.648,12.125,4.328,8.251,8.132,9.946,3.551,8.034,10.983,3.345,4.25,3.482,3.581,6.863,6.715,5.996
LCS_282A,4.107,6.884,8.015,4.829,9.353,4.615,3.646,10.298,5.066,8.645,3.621,3.595,3.948,7.904,5.271,9.44,3.406,3.298,8.537,3.543,4.333,3.55,3.169,8.382,3.985,6.206
LCS_090A,7.525,8.159,8.978,6.951,11.349,3.89,3.561,8.127,3.398,4.772,4.225,10.844,5.198,7.738,7.915,10.334,3.254,4.005,11.15,3.288,4.44,3.615,3.237,7.757,6.046,7.122
LCS_151A,5.139,8.04,7.796,8.165,8.997,8.35,3.401,3.703,3.943,3.937,3.817,10.532,4.187,9.052,7.87,9.182,3.345,4.17,10.401,3.26,4.142,3.677,3.31,7.778,3.797,6.774
LCS_047A,8.139,8.868,7.679,6.657,6.948,4.605,3.329,5.407,3.847,5.116,3.732,10.731,4.293,8.247,6.096,8.913,3.269,4.085,11.032,3.33,4.217,3.714,3.367,7.869,4.091,7.009
LCS_075A,8.058,8.552,8.535,6.537,6.898,6.031,3.877,4.696,4.918,4.269,3.67,11.025,4.113,9.03,7.362,9.162,3.92,4.2,10.142,3.325,4.566,3.706,3.714,7.039,5.208,7.089
LCS_259A,10.737,7.761,8.429,6.549,10.736,6.053,3.244,3.995,4.54,4.421,3.785,10.438,3.644,8.285,7.959,9.736,3.69,7.891,11.027,3.024,3.889,3.388,3.207,8.527,3.626,7.209
LCS_010A,7.521,8.411,8.77,4.676,8.449,6.112,3.419,11.935,5.121,8.771,3.824,9.75,3.825,10.437,6.768,9.816,3.423,3.854,10.514,3.19,4.629,3.532,3.487,7.701,4.17,6.964
LCS_264A,9.683,8.588,9.516,6.19,10.859,6.086,3.351,11.6,3.926,5.259,3.78,10.802,9.813,9.182,6.696,10.495,3.142,4.15,10.632,3.702,4.181,3.513,3.198,7.206,5.472,6.041
LCS_163A,3.794,6.768,8.556,5.78,8.695,4.895,3.512,10.709,3.673,6.609,3.58,10.673,3.607,10.228,7.563,8.211,3.555,4.009,9.605,3.317,4.027,3.6,3.349,7.317,3.831,5.713
LCS_089A,8.706,8.667,8.148,6.666,10.623,6.617,6.19,8.154,4.644,4.395,3.526,9.963,3.588,9.171,6.237,9.243,3.337,3.631,10.372,3.238,5.093,3.515,3.45,7.683,3.858,7.105
LCS_143A,9.4,10.202,8.985,7.073,10.444,7.221,3.53,8.881,5.327,6.37,3.651,11.774,4.905,8.406,7.822,10.249,3.506,7.643,11.281,3.399,5.1,3.628,3.23,6.917,4.535,6.87
LCS_199A,7.332,7.538,8.467,7.517,9.548,7.337,3.389,10.993,5.529,6.504,3.636,11.993,7.582,9.365,8.274,10.145,3.315,3.662,10.478,3.292,4.563,3.389,3.52,7.979,7.758,5.595
LCS_034A,6.948,8.154,8.321,4.846,7.927,6.919,3.791,7.334,5.158,5.036,3.501,8.704,4.446,8.98,6.532,9.115,3.299,3.644,10.432,3.12,4.43,3.431,3.411,8.18,3.921,6.279
LCS_278A,8.979,9.42,9.013,6.423,10.045,6.872,3.457,6.825,4.177,6.373,3.694,11.743,4.101,9.991,6.916,9.392,3.268,4.607,10.542,3.292,4.215,3.595,3.355,7.781,5.887,6.838
LCS_119A,3.184,7.176,7.197,4.484,3.711,3.469,3.49,10.978,3.894,9.391,3.64,3.817,3.429,5.533,7.999,8.4,3.726,3.662,7.898,3.218,9.569,3.423,3.131,7.614,3.663,7.883
LCS_184A,10.991,12.59,9.342,7.295,10.124,6.832,3.562,6.204,5.259,5.359,3.938,11.631,3.756,8.15,7.834,10.125,3.097,8.411,11,3.457,4.369,3.664,3.509,7.175,7.374,6.827
LCS_203A,10.466,10.097,9.347,6.5,9.142,7.638,3.329,8.17,4.771,6.505,3.66,12.016,4.273,8.793,8.51,9.666,3.717,5.356,10.672,3.34,4.596,3.505,3.304,7.511,6.573,7.053
LCS_178A,6.805,7.182,8.523,5,10.347,5.96,3.9,12.535,5.728,6.392,4.218,10.409,4.012,9.038,7.397,9.225,3.313,4.104,10.373,3.208,4.542,3.618,3.443,7.669,4.178,6.32
LCS_284A,8.011,8.172,9.342,7.663,8.169,6.984,3.343,9.325,4.267,5.826,4.044,11.687,10.752,8.896,8.532,9.721,3.384,4.477,10.203,3.433,4.136,3.644,3.438,7.604,4.475,6.123
LCS_108A,8.559,7.072,7.713,5.578,10.683,3.666,7.111,8.779,5.33,6.438,3.704,7.598,3.781,9.437,4.948,9.496,3.207,3.577,10.205,3.154,4.715,3.717,3.272,8.111,3.756,5.663
LCS_043A,5.562,8.053,9.437,5.994,11.076,6.121,3.315,10.91,4.073,4.384,3.829,10.894,7.142,8.512,5.674,9.871,4.675,6.203,11.136,3.305,4.593,3.488,3.264,7.058,3.892,5.895
LCS_041A,2.962,8.928,8.612,6.843,5.88,5.768,3.546,7.176,4.133,6.227,4.025,7.906,3.596,8.695,5.768,9.658,3.486,4.047,9.377,3.405,4.48,3.838,3.284,7.704,3.923,5.282
LCS_044A,9.672,10.023,9.69,6.522,10.754,5.558,3.683,7.869,4.865,5.846,4.043,11.207,4.255,8.074,8.533,9.771,3.722,5.884,10.856,3.349,4.576,4.033,3.824,7.831,5.171,6.634
LCS_174A,6.975,9.386,8.769,7.687,7.603,7.672,3.48,4.173,5.212,4.491,3.701,10.695,3.615,8.918,8.396,9.611,3.404,4.713,10.973,3.304,4.824,3.562,3.206,7.175,4.321,6.598
LCS_166A,4.966,7.721,8.43,6.394,10.11,6.55,3.586,10.392,5.231,4.641,3.586,10.292,4.167,8.56,8.11,10.574,3.529,4.001,10.038,5.634,4.238,3.645,3.31,7.973,3.782,6.792
LCS_193A,8.787,7.688,9.096,7.318,10.053,7.997,6.196,6.756,4.424,5.008,3.893,11.342,5.474,8.89,6.844,10.347,3.436,3.847,10.47,3.328,5.329,3.455,3.655,7.881,4.198,6.346
LCS_215A,5.939,6.773,8.45,5.379,11.037,6.72,3.377,12.817,4.69,8.758,4.004,8.463,7.398,9.753,8.258,9.483,3.741,3.792,9.553,3.331,4.475,3.197,3.1,8.305,3.676,7.094
LCS_021A,5.591,7.247,7.842,6.45,9.513,3.983,3.278,6.784,3.81,4.69,3.97,9.778,4.064,7.851,5.745,9.319,3.549,3.405,9.993,3.303,4.412,3.495,3.222,7.931,3.507,7.446
LCS_129A,6.287,7.177,7.921,6.05,7.117,3.379,3.555,8.327,3.512,5.97,3.626,9.013,3.68,8.574,7.059,9.587,3.179,3.525,10.184,3.253,4.449,3.501,3.354,8.995,3.828,7.267
LCS_198A,9.088,8.082,8.549,6.953,9.561,9.135,3.597,4.478,3.824,4.225,3.481,11.287,4.741,8.223,7.817,4.656,3.579,4.279,10.922,7.313,4.362,3.603,3.882,7.974,3.71,7.661
LCS_084A,8.909,7.879,7.818,5.646,9.62,5.715,3.515,8.63,4.431,5.398,3.779,10.53,3.505,8.566,6.689,9.674,3.521,4.25,10.574,3.45,4.468,3.416,3.171,7.901,4.565,7.175
LCS_250A,4.394,7.678,9.044,4.786,4.424,4.647,3.375,4.436,4.081,3.791,3.798,5.28,3.403,6.615,6.31,7.782,10.336,3.848,9.902,3.058,3.696,3.394,3.129,7.364,4.32,6.548
LCS_011A,4.797,7.224,8.122,6.09,5.819,3.495,3.323,12.556,6.177,7.32,3.926,3.562,3.726,8.918,5.715,9.78,4.356,3.657,9.723,3.334,4.13,3.72,3.197,9.21,4.125,7.327
LCS_071A,7.96,9.715,9.052,6.292,7.969,5.414,3.893,9.255,3.551,6.727,3.812,11.096,5.531,9.497,6.481,10.727,3.247,3.816,10.629,3.321,4.745,3.475,3.263,7.519,4.387,6.252
LCS_219A,6.839,7.431,7.666,6.975,7.008,4.928,5.516,4.446,5.251,5.044,3.556,5.226,3.88,9.556,6.693,9.71,3.466,3.871,10.155,3.329,4.445,3.763,3.411,7.409,3.672,7.663
LCS_194A,8.119,8.509,9.32,6.697,11.757,7.475,3.43,8.192,3.817,3.935,3.604,10.786,5.218,9.329,6.305,9.434,3.205,3.78,10.577,3.181,4.215,3.503,3.512,6.611,6.177,6.154
LCS_170A,3.459,11.167,8.798,7.417,11.761,3.737,3.744,11.565,3.903,3.529,3.739,11.033,10.18,7.684,8.587,10.37,3.325,3.893,11.207,3.566,4.462,3.519,3.377,7.464,4.229,8.109
LCS_204A,6.586,7.299,8.274,6.322,9.278,6.371,3.385,8.09,4.032,6.178,3.574,10.706,3.893,10.543,7.537,9.469,3.337,4.372,10.622,3.636,4.361,3.337,3.277,7.158,4.273,7.055
LCS_261A,10.356,10.701,9.161,6.111,4.882,6.862,3.669,6.135,4.536,6.428,3.86,11.13,5.038,10.007,6.968,9.757,3.126,4.969,10.653,3.213,4.139,3.56,3.361,7.54,3.344,6.041
LCS_195A,7.508,7.004,8.863,5.579,11.003,4.54,3.369,6.625,5.033,3.964,3.818,8.521,6.651,8.184,6.167,9.824,3.16,4.169,11.356,3.107,5.211,3.442,3.275,7.421,4.83,6.882
LCS_206A,3.316,7.355,8.761,4.879,8.352,3.888,3.457,10.977,5.569,6.447,3.822,6.335,3.881,8.091,6.436,9.994,3.538,4.151,9.168,3.212,4.18,3.745,3.397,8.107,4.393,6.149
LCS_036A,4.367,7.282,8.752,4.814,10.733,4.294,3.329,11.71,3.779,6.148,3.967,6.073,3.948,9.108,5.566,10.135,3.244,3.67,9.288,2.966,4.421,3.75,3.324,7.929,3.796,7.481
LCS_145A,6.318,7.901,7.963,6.881,7.481,5.514,3.423,7.888,4.244,5.792,3.852,10.321,3.885,9.158,6.543,9.226,3.472,4.159,10.359,3.442,3.936,3.423,3.423,7.559,3.663,5.671
LCS_064A,10.977,8.687,9.026,6.355,11.185,5.832,3.46,3.584,4.732,5.427,4.097,11.786,5.59,9.261,6.456,8.206,3.729,5.978,10.82,3.427,4.393,3.579,3.327,7.557,6.251,6.405
LCS_236A,8.81,10.784,9.23,7.18,10.087,7.388,3.285,8.566,4.117,4.988,4.234,10.93,6.697,9,8.77,9.637,3.516,5.436,10.86,3.2,5.022,3.828,3.488,7.597,3.778,6.031
LCS_038A,4.96,7.01,8.707,5.779,10.323,3.719,3.457,8.449,3.656,6.025,3.972,8.672,3.831,8.939,5.799,10.342,3.298,3.546,9.721,3.337,4.035,3.458,3.162,7.385,3.961,6.772
LCS_270A,6.981,10.753,9.146,7.814,10.931,6.147,3.373,9.69,4.282,4.892,4.092,11.901,5.15,8.024,8.395,10.566,3.34,5.005,10.756,3.425,4.288,3.629,3.377,7.361,4.497,6.283
LCS_182A,9.162,8.167,7.313,5.644,3.858,4.749,6.808,7.356,4.979,4.063,3.684,5.652,4.353,8.369,6.316,8.764,3.381,3.496,9.455,3.302,4.837,3.663,3.109,9.064,3.882,7.412
LCS_002A,7.892,11.213,8.861,6.514,9.687,4.314,3.42,8.953,4.607,6.448,3.722,10.917,8.266,8.734,6.074,10.036,3.633,5.768,11.068,3.341,4.101,3.547,3.314,7.238,4.133,6.502
LCS_189A,4.93,6.893,8.973,3.912,10.376,4.668,3.313,10.891,5.73,5.364,3.904,7.469,3.926,9.511,4.713,9.449,3.364,3.722,10.077,3.263,4.226,3.767,3.692,8.162,3.666,6.626
LCS_277A,9.143,8.544,9.359,5.039,10.054,5.58,3.349,10.687,4.723,4.95,3.625,11.203,8.01,8.393,7.748,10.095,3.869,5.017,11.529,3.659,4.284,3.779,3.727,6.45,4.188,5.761
LCS_117A,8.096,7.576,8.641,5.615,8.058,6.392,3.45,10.012,3.704,4.535,3.759,10.654,4.321,8.351,5.984,9.742,4.411,3.821,10.041,2.958,4.868,3.558,3.464,7.707,4.057,6.138
LCS_267A,6.556,8.123,9.289,5.743,8.064,6.746,3.518,7.486,4.762,5.598,3.93,10.646,6.348,8.134,6.996,10.242,3.691,4.427,9.336,3.331,4.141,3.75,3.597,7.627,5.298,6.646
LCS_100A,3.873,9.657,8.562,5.915,11.082,6.41,3.417,6.955,4.613,4.396,4.063,11.854,4.875,7.638,8.465,10.122,3.463,4.786,11.058,3.276,5.308,3.499,3.28,8.13,4.769,5.391
LCS_228A,4.003,7.279,8.061,6.062,11.033,4.066,3.415,8.691,5.778,6.689,3.693,9.156,11.066,8.993,6.119,9.989,3.231,4.046,10.44,3.157,4.333,3.548,3.367,8.035,4.211,6.296
LCS_054A,9.501,10.403,9.071,6.782,9.613,8.456,3.292,4.05,3.959,4.699,3.653,12.123,4.744,9.089,7.608,11.711,3.507,6.99,9.696,3.11,4.449,3.331,3.326,7.857,6.081,6.003
LCS_063A,11.188,7.351,9.732,6.538,10.589,7.495,3.182,6.055,3.673,5.972,4.17,11.721,5.957,9.048,8.009,10.754,4.248,6.025,10.023,3.151,4.276,3.391,3.485,7.771,8.122,6.49
LCS_268A,4.064,7.328,8.269,4.275,4.393,3.625,3.216,11.742,3.493,6.396,4.053,6.17,3.705,6.904,6.55,8.677,3.491,3.323,8.982,3.368,5.502,3.502,3.81,7.598,3.518,6.387
LCS_222A,10.242,10.74,9.4,7.343,10.638,5.725,3.454,9.585,4.287,5.818,3.87,11.805,4.148,8.431,8.036,10.327,3.406,5.284,11.506,3.7,4.585,3.888,3.283,7.047,7.637,7.167
LCS_192A,11.728,9.377,9.376,7.385,9.893,6.141,3.371,4.662,3.995,4.606,3.785,12.419,5.685,9.406,6.732,10.189,3.431,7.215,11.455,3.607,4.073,3.661,3.592,6.968,6.073,5.975
LCS_022A,6.656,7.122,8.175,5.56,6.854,3.304,3.381,8.454,5.9,4.267,3.849,9.238,4.154,8.579,4.796,8.28,3.126,3.413,10.647,2.9,4.16,3.712,3.16,8.601,3.807,6.207
LCS_175A,11.115,11.923,9.246,7.374,9.586,7.174,3.582,4.908,4.815,5.192,4.003,11.664,4.651,8.627,7.913,9.741,3.373,7.536,11.202,3.586,4.448,3.648,4.04,6.134,8.175,6.951
LCS_025A,9.185,10.101,9.048,6.677,7.512,7.94,3.207,7.14,3.625,4.793,4.231,11.645,4.466,8.515,7.471,9.819,3.283,5.276,10.899,3.157,4.296,3.607,3.718,8.178,4.824,6.253
LCS_066A,9.528,9.798,9.408,5.547,4.293,7.943,9.25,6.407,4.033,3.716,3.877,9.389,5.383,9.333,6.79,9.128,3.465,4.678,10.153,3.518,4.131,3.461,3.495,7.31,4.565,6.716
LCS_248A,9.812,8.196,8.67,5.303,8.006,6.15,4.831,8.098,3.892,4.51,3.656,10.32,3.977,8.553,5.325,10.367,3.441,4.152,10.99,3.413,4.509,3.369,3.711,8.192,4.984,7.294
LCS_121A,10.381,10.041,9.498,6.779,9.864,7.563,3.569,7.792,4.389,5.884,3.814,11.858,5.772,8.668,8.293,9.746,3.464,3.907,11.085,3.292,5.257,3.452,3.5,7.809,4.695,8.189
LCS_027A,3.744,6.661,8.25,6.512,10.573,7.45,3.234,12.314,5.678,5.601,3.545,11.932,3.769,7.363,7.354,9.281,3.286,3.945,11.001,3.413,4.133,3.636,3.154,6.876,5.786,8.485
LCS_157A,10.244,10.191,9.256,6.293,10.402,6.685,3.184,9.521,5.339,5.349,3.713,11.654,9.181,8.84,8.33,10.362,3.201,5.007,11.175,3.215,4.533,3.729,3.307,7.957,5.496,6.557
LCS_148A,9.085,9.457,8.051,5.572,7.279,6.186,3.398,10.667,4.595,4.515,3.666,11.059,3.89,8.73,5.878,9.453,4.538,4.388,9.93,3.202,4.152,3.412,3.319,7.695,4.317,6.928
LCS_048A,9.968,11.228,9.639,6.8,9.808,6.514,3.678,8.785,5.322,6.065,4.015,10.673,4.817,9.316,7.271,9.842,3.431,5.486,11.058,3.291,5.325,3.875,3.473,6.766,6.516,6.604
LCS_012A,8.029,7.125,7.872,7.179,9.103,5.263,3.4,7.65,4.244,4.757,3.659,9.312,3.855,8.851,5.383,9.017,3.318,3.213,10.574,2.999,4.106,3.616,3.28,7.403,4.114,6.834
LCS_126A,7.746,8.593,8.044,4.509,8.071,4.362,3.296,8.395,4.16,6.052,3.769,8.058,3.609,8.197,5.19,8.806,3.201,4.513,9.463,3.019,4.221,3.545,3.305,7.416,4.166,6.308
LCS_260A,6.214,8.276,7.806,5.713,6.616,4.195,4.902,7.254,3.825,3.835,3.569,8.373,3.675,7.223,5.867,8.978,3.417,3.642,10.028,3.131,4.485,3.729,3.164,7.486,3.775,6.193
LCS_247A,6.105,8.007,8.936,6.625,7.562,3.491,3.356,9.643,6.862,5.707,4.064,11.051,5.264,8.222,5.184,9.103,3.152,4.237,10.215,3.108,4.086,3.538,3.076,7.735,4.52,6.035
LCS_088A,3.704,7.471,8.927,6.325,9.219,7.376,3.63,10.905,3.612,4.973,4.006,9.372,9.334,8.551,4.915,7.974,3.334,4.085,10.25,4.386,4.563,3.307,3.749,7.297,4.285,6.293
LCS_051A,8.429,8.416,9.514,7.499,6.651,7.318,3.311,8.437,3.373,5.372,3.81,12.069,4.547,7.774,7.581,9.345,3.474,3.71,10.776,3.25,4.484,3.68,3.483,7.938,4.175,6.062
LCS_243A,6.087,7.022,9.56,6.577,7.577,6.513,3.291,5.797,3.499,4.505,3.728,11.978,4.194,8.003,7.468,8.278,3.775,6.648,11.492,4.176,4.092,3.579,3.657,6.992,4.605,7.094
LCS_165A,3.77,9.609,9.366,7.566,11.308,6.714,3.303,6.421,4.965,4.308,3.748,11.93,5.758,8.191,5.001,9.866,3.635,6.543,10.865,3.136,4.588,3.674,3.325,6.692,4.05,5.975
LCS_208A,7.607,7.864,9.534,7.402,10.084,7.085,3.815,4.778,3.631,4.113,3.868,8.761,3.507,7.97,4.44,9.024,3.41,4.137,10.448,3.297,4.721,3.431,3.276,7.822,3.901,6.275
LCS_110A,8.387,8.26,8.657,5.744,6.993,6.539,3.111,3.468,4.322,3.626,3.638,9.99,3.588,8.221,6.039,8.286,3.454,3.821,10.989,3.439,4.36,3.348,3.655,7.534,4.525,6.407
LCS_056A,11.473,6.789,8.793,5.589,8.856,3.702,3.733,3.903,4.317,4.338,3.824,10.841,3.703,8.863,5.449,9.041,3.196,3.479,10.208,3.239,4.19,3.519,3.62,8.091,4.068,7.448
LCS_146A,4.387,6.759,8.589,5.495,10.912,4.7,3.299,11.898,4.508,5.483,3.724,5.333,4.498,9.283,5.016,9.785,3.288,4.266,9.026,3.4,4.659,3.553,3.283,8.484,3.924,6.371
LCS_147A,7.993,9.469,8.187,6.221,9.143,4.576,4.762,8.66,4.351,6.219,3.776,10.052,8.294,9.225,6.165,10.016,3.256,3.758,10.879,3.044,4.295,3.341,3.247,7.728,4.768,6.887
LCS_173A,9.664,8.65,9.082,7.008,9.969,5.312,3.406,8.32,5.259,4.352,3.735,12.447,4.209,9.497,8.757,8.928,3.343,6.832,11.345,3.339,4.244,3.318,3.45,6.598,5.879,6.684
LCS_240A,6.263,7.29,9.196,6.473,9.481,6.337,3.312,11.187,4.134,8.386,3.774,10.804,11.781,10.731,7.116,8.915,3.328,4.117,10.989,2.91,4.253,3.656,3.069,7.444,6.184,7.404
LCS_266A,5.252,8.091,8.154,6.177,11.238,6.507,3.562,5.939,4.783,3.922,3.722,8.19,3.794,8.648,5.836,9.035,3.217,3.719,10.732,3.05,4.064,3.573,3.225,8.248,3.636,7.153
LCS_167A,3.706,7.502,7.677,4.316,6.968,4.344,3.418,11.246,3.949,7.487,3.816,7.745,4.517,7.642,6.545,8.279,3.155,3.346,9.349,3.011,4.336,3.721,3.356,8.189,3.869,6.454
LCS_028A,3.673,6.505,9.038,5.551,9.648,3.374,3.35,7.513,4.293,7.271,3.492,11.073,6.23,8.74,4.582,9.707,3.139,3.401,11.111,3.055,4.48,3.33,3.379,6.909,4.973,6.433
LCS_032A,8.968,7.422,8.811,6.946,5.182,5.439,3.605,9.951,3.605,4.382,3.659,6.771,3.983,8.249,5.739,8.964,3.412,3.319,10.249,3.067,4.379,3.609,3.394,7.405,3.98,6.471
LCS_050A,6.711,7.347,8.263,5.392,6.558,4.35,3.466,11.672,3.364,5.732,3.727,9.472,4.641,8.503,5.685,9.739,3.434,3.809,9.423,3.242,3.95,3.661,3.185,7.06,4.327,6.5
LCS_285A,7.487,7.347,8.375,6.358,7.386,6.525,3.284,7.091,4.458,5.288,3.793,10.827,4.173,7.935,4.595,9.874,3.502,3.651,10.643,3.034,4.508,3.764,3.315,7.103,4.627,7.211
LCS_031A,10.626,11.87,8.969,7.528,10.206,6.246,3.51,5.385,4.288,5.631,4.246,11.709,4.681,8.185,8.041,10.126,3.301,7.795,11.008,3.204,4.503,3.613,3.475,7.094,7.649,6.987
LCS_016A,9.102,10.8,8.754,7.79,10.458,5.311,3.394,11.299,3.796,5.837,3.827,11.652,5.979,7.818,7.355,10.114,3.293,6.131,11.446,3.24,4.361,3.692,3.509,6.587,5.131,6.714
LCS_106A,4.349,7.816,8.003,5.53,4.613,4.436,3.565,10.264,4.253,4.89,3.725,10.386,3.933,7.926,6.386,9.96,4.426,3.306,9.389,3.068,3.682,3.52,3.153,7.751,3.533,6.583
LCS_107A,7.335,7.869,8.058,4.637,10.503,5.564,4.307,9.257,5.384,6.038,3.499,9.005,3.775,8.873,5.249,9.948,3.307,3.421,11.54,3.046,4.235,3.547,3.26,8.795,4.433,6.307
LCS_109A,4.979,7.698,8.284,6.624,11.15,4.657,3.371,10.876,6.429,6.044,3.799,8.749,6.331,8.078,6.275,8.699,3.352,3.38,9.233,3.135,4.144,3.89,3.342,7.915,4.214,7.361
LCS_116A,6.193,9.149,7.984,6.63,7.958,8.446,8.146,6.135,4.129,4.469,3.519,10.012,7.044,9.311,5.32,8.106,3.31,3.697,10.621,3.166,4.558,3.665,3.221,8.018,4.199,6.423
LCS_137A,7.085,9.792,9.336,6.489,8.297,4.29,3.378,8.704,4.751,5.584,3.704,11.549,4.213,8.006,8.695,9.029,3.146,7.101,11.021,3.309,4.312,3.613,3.443,6.479,4.001,7.021
LCS_138A,7.783,7.285,8.903,4.862,7.128,5.588,3.517,7.372,4.33,5.336,3.966,10.545,3.78,9.309,5.545,9.583,3.92,3.348,10.573,3.284,3.934,3.546,3.267,8.136,3.99,6.662
LCS_139A,4.144,7.239,8.414,6.929,8.866,3.754,3.189,10.471,3.993,7.77,3.673,5.698,5.949,7.393,7.379,9.929,3.475,3.459,9.425,2.973,4.331,3.807,3.232,9.22,3.737,6.251
LCS_142A,3.381,7.326,8.364,4.358,5.751,5.677,3.325,10.499,4.995,7.844,3.829,6.267,3.973,8.899,6.336,9.546,4.316,3.539,9.634,2.875,4.064,3.465,3.134,8.262,3.882,6.899
LCS_196A,7.157,8.196,7.842,4.865,9.668,3.599,3.889,11.993,4.546,5.632,3.367,8.952,7.917,8.241,6.117,9.083,3.393,4.102,10.008,3.193,4.488,3.462,3.175,7.516,4.437,6.552
LCS_207A,6.293,6.984,9.486,5.796,8.13,3.164,3.289,11.153,3.909,6.894,3.577,6.438,3.887,7.503,5.632,9.231,3.15,3.282,8.517,2.959,4.032,3.219,3.14,8.126,3.774,6.703
LCS_231A,3.419,7.147,8.525,6.127,10.823,3.431,3.456,12.501,5.337,7.499,3.687,8.279,4.074,9.392,7.371,9.611,3.436,3.299,10.035,2.802,4.283,3.72,3.19,8.046,4.215,7.038
LCS_251A,9.187,8.352,7.919,5.026,7.931,4.006,4.413,7.811,5,4.882,3.473,7.981,3.976,8.848,5.555,9.149,3.202,3.173,9.505,2.931,4.161,3.81,3.288,8.605,4.219,7.5
LCS_072A,5.758,11.229,9.122,6.007,10.314,5.538,3.336,10.349,7.701,6.278,3.942,10.248,8.216,6.827,7.181,9.228,3.352,4.434,12.005,3.134,4.146,3.542,3.575,7.218,5.776,6.093
LCS_263A,8.259,8.513,7.85,5.996,9.033,7.387,3.419,7.509,4.578,4.855,3.778,11.471,3.816,7.698,6.458,8.946,3.229,3.712,10.564,2.779,3.93,3.442,3.2,8.302,3.973,7.167
LCS_269A,8.683,7.706,7.77,7.039,10.899,6.907,4.602,8.054,4.362,4.507,3.542,10.039,4.682,9.204,5.757,9.992,3.3,3.542,10.409,2.887,4.078,3.587,3.255,8.11,4.307,7.081
LCS_273A,10.076,12.389,9.017,7.101,7.625,7.4,3.52,7.164,3.802,6.063,3.774,10.26,4.157,8.138,8.983,9.094,3.104,5.695,11.721,3.144,4.343,3.731,3.232,7.404,6.481,7.351
LCS_289A,6.492,7.657,9.144,7.122,8.903,8.402,3.405,4.172,3.847,5.071,3.843,11.523,4.194,8.083,8.087,6.379,3.265,3.872,11.687,3.224,4.404,3.597,3.792,7.471,4.98,7.384
LCS_290A,9.493,8.359,9.395,6.804,10.64,7.36,3.482,11.612,4.692,6.112,3.917,11.025,5.407,7.774,5.885,9.55,3.231,3.584,11.294,3.008,4.19,3.82,3.222,6.556,4.325,6.108
LCS_097A,7.6,7.821,9.642,6.353,9.392,7.672,3.441,6.397,4.37,4.858,3.801,10.564,4.58,7.808,7.265,10.159,3.467,4.695,11.498,3.249,4.421,3.682,3.38,6.898,4.356,6.058
LCS_158A,7.627,10.346,9.021,5.1,10.547,4.031,3.399,8.529,4.378,6.076,4.463,10.153,5.348,6.719,7.796,8.739,3.289,4.61,11.18,3.114,4.666,3.675,3.471,7.105,5.487,6.248
LCS_161A,7.312,9.933,6.939,6.203,4.632,6.044,3.922,4.962,3.978,5.275,4.615,9.45,5.204,6.992,8.669,9.1,3.316,4.142,11.063,3.059,4.464,3.688,4.018,7.168,5.214,6.37
LCS_172A,8.036,7.574,8.923,5.551,9.517,7.078,3.725,12.566,3.569,5.949,3.696,7.736,4.008,8.981,4.887,8.305,3.285,3.417,10.256,2.816,4.895,3.519,3.377,7.654,4.024,7.116
LCS_197A,9.123,8.266,7.849,4.357,6.815,4.841,4.496,8.778,4.502,6.274,4.167,7.252,3.868,9.302,4.701,10.347,3.32,4.038,10.029,3.043,4.416,3.664,3.276,7.626,3.986,7.039
LCS_200A,7.811,8.534,8.13,4.878,6.258,4.546,3.903,11.915,4.72,6.187,3.895,4.51,3.882,6.786,4.355,8.047,3.168,3.694,9.732,3.143,5.312,3.642,3.35,6.762,3.98,6.238
LCS_201A,9.465,11.094,8.403,7.356,10.175,5.885,3.3,5.693,6.478,5.546,3.504,11.552,4.588,8.063,6.98,9.686,3.349,4.405,11.791,3.022,4.114,3.692,3.445,7.448,4.253,5.949
LCS_216A,8.236,9.878,7.665,4.969,6.504,3.688,3.319,9.37,3.771,5.346,3.565,8.956,4.166,5.625,5.608,8.701,3.354,5.075,9.386,2.868,4.003,3.657,3.284,7.387,4.665,6.533
LCS_238A,7.875,8.389,9.102,6.157,7.072,7.933,5.146,7.825,3.882,5.114,3.782,10.907,5.34,8.93,5.758,9.844,3.251,3.877,10.368,3.111,5.167,3.907,3.144,7.507,4.873,6.543
LCS_046A,3.617,7.756,9.38,6.249,7.973,7.409,3.606,7.235,3.934,5.604,3.99,9.891,5.301,7.755,6.064,9.139,4.478,3.682,10.926,2.965,4.2,3.787,3.434,7.237,4.579,5.805
X02_342A,6.367,6.861,8.441,7.268,8.832,3.544,4.429,9.862,3.916,5.831,3.89,10.665,4.579,8.67,6.697,10.325,3.24,3.568,10.829,3.239,4.207,3.688,3.394,8.126,4.404,7.129
X02_362A,11.156,6.85,8.426,6.522,6.777,6.33,3.779,8.294,4.281,5.658,3.658,11.346,4.256,6.97,7.935,10.066,3.264,5.159,11.008,4.549,4.832,3.799,3.558,6.64,4.614,5.941
LCS_190A,3.859,7.028,8.592,5.763,7.446,4.14,6.117,11.349,4.356,3.656,4.184,4.964,4.382,8.31,5.508,9.75,4.044,4.537,9.094,3.201,4.817,3.933,3.57,6.583,4.506,6.295
